RosterStudentsController.java,edu.ucsb.cs156.frontiers.controllers.RosterStudentsController,org.pitest.mutationtest.engine.gregor.mutators.VoidMethodCallMutator,deleteRosterStudent,296,KILLED,edu.ucsb.cs156.frontiers.controllers.RosterStudentsControllerTests.[engine:junit-jupiter]/[class:edu.ucsb.cs156.frontiers.controllers.RosterStudentsControllerTests]/[method:testDeleteRosterStudent_success()]
RosterStudentsController.java,edu.ucsb.cs156.frontiers.controllers.RosterStudentsController,org.pitest.mutationtest.engine.gregor.mutators.returns.NullReturnValsMutator,deleteRosterStudent,298,KILLED,edu.ucsb.cs156.frontiers.controllers.RosterStudentsControllerTests.[engine:junit-jupiter]/[class:edu.ucsb.cs156.frontiers.controllers.RosterStudentsControllerTests]/[method:testDeleteRosterStudent_success()]
RosterStudentsController.java,edu.ucsb.cs156.frontiers.controllers.RosterStudentsController,org.pitest.mutationtest.engine.gregor.mutators.returns.NullReturnValsMutator,fromEgradesCSVRow,158,KILLED,edu.ucsb.cs156.frontiers.controllers.RosterStudentsControllerTests.[engine:junit-jupiter]/[class:edu.ucsb.cs156.frontiers.controllers.RosterStudentsControllerTests]/[method:admin_can_upload_students_for_an_existing_course()]
RosterStudentsController.java,edu.ucsb.cs156.frontiers.controllers.RosterStudentsController,org.pitest.mutationtest.engine.gregor.mutators.returns.EmptyObjectReturnValsMutator,getAssociatedRosterStudents,252,KILLED,edu.ucsb.cs156.frontiers.controllers.RosterStudentsControllerTests.[engine:junit-jupiter]/[class:edu.ucsb.cs156.frontiers.controllers.RosterStudentsControllerTests]/[method:testGetAssociatedRosterStudents()]
RosterStudentsController.java,edu.ucsb.cs156.frontiers.controllers.RosterStudentsController,org.pitest.mutationtest.engine.gregor.mutators.returns.NullReturnValsMutator,lambda$deleteRosterStudent$6,293,KILLED,edu.ucsb.cs156.frontiers.controllers.RosterStudentsControllerTests.[engine:junit-jupiter]/[class:edu.ucsb.cs156.frontiers.controllers.RosterStudentsControllerTests]/[method:testDeleteRosterStudent_notFound()]
RosterStudentsController.java,edu.ucsb.cs156.frontiers.controllers.RosterStudentsController,org.pitest.mutationtest.engine.gregor.mutators.returns.NullReturnValsMutator,lambda$linkGitHub$4,219,KILLED,edu.ucsb.cs156.frontiers.controllers.RosterStudentsControllerTests.[engine:junit-jupiter]/[class:edu.ucsb.cs156.frontiers.controllers.RosterStudentsControllerTests]/[method:testLinkGitHub_notFound()]
RosterStudentsController.java,edu.ucsb.cs156.frontiers.controllers.RosterStudentsController,org.pitest.mutationtest.engine.gregor.mutators.returns.NullReturnValsMutator,lambda$postRosterStudent$0,95,KILLED,edu.ucsb.cs156.frontiers.controllers.RosterStudentsControllerTests.[engine:junit-jupiter]/[class:edu.ucsb.cs156.frontiers.controllers.RosterStudentsControllerTests]/[method:test_AdminCannotPostRosterStudentForCourseThatDoesNotExist()]
RosterStudentsController.java,edu.ucsb.cs156.frontiers.controllers.RosterStudentsController,org.pitest.mutationtest.engine.gregor.mutators.returns.NullReturnValsMutator,lambda$rosterStudentForCourse$1,121,KILLED,edu.ucsb.cs156.frontiers.controllers.RosterStudentsControllerTests.[engine:junit-jupiter]/[class:edu.ucsb.cs156.frontiers.controllers.RosterStudentsControllerTests]/[method:admin_can_get_roster_students_for_a_non_existing_course()]
RosterStudentsController.java,edu.ucsb.cs156.frontiers.controllers.RosterStudentsController,org.pitest.mutationtest.engine.gregor.mutators.returns.NullReturnValsMutator,lambda$updateCourseMembership$3,198,KILLED,edu.ucsb.cs156.frontiers.controllers.RosterStudentsControllerTests.[engine:junit-jupiter]/[class:edu.ucsb.cs156.frontiers.controllers.RosterStudentsControllerTests]/[method:notFound()]
RosterStudentsController.java,edu.ucsb.cs156.frontiers.controllers.RosterStudentsController,org.pitest.mutationtest.engine.gregor.mutators.returns.NullReturnValsMutator,lambda$updateRosterStudent$5,270,KILLED,edu.ucsb.cs156.frontiers.controllers.RosterStudentsControllerTests.[engine:junit-jupiter]/[class:edu.ucsb.cs156.frontiers.controllers.RosterStudentsControllerTests]/[method:testUpdateRosterStudent_notFound()]
RosterStudentsController.java,edu.ucsb.cs156.frontiers.controllers.RosterStudentsController,org.pitest.mutationtest.engine.gregor.mutators.returns.NullReturnValsMutator,lambda$uploadRosterStudents$2,135,KILLED,edu.ucsb.cs156.frontiers.controllers.RosterStudentsControllerTests.[engine:junit-jupiter]/[class:edu.ucsb.cs156.frontiers.controllers.RosterStudentsControllerTests]/[method:admin_cannot_upload_students_for_a_course_that_does_not_exist()]
RosterStudentsController.java,edu.ucsb.cs156.frontiers.controllers.RosterStudentsController,org.pitest.mutationtest.engine.gregor.mutators.NegateConditionalsMutator,linkGitHub,221,KILLED,edu.ucsb.cs156.frontiers.controllers.RosterStudentsControllerTests.[engine:junit-jupiter]/[class:edu.ucsb.cs156.frontiers.controllers.RosterStudentsControllerTests]/[method:testLinkGitHub_nullUser()]
RosterStudentsController.java,edu.ucsb.cs156.frontiers.controllers.RosterStudentsController,org.pitest.mutationtest.engine.gregor.mutators.NegateConditionalsMutator,linkGitHub,221,KILLED,edu.ucsb.cs156.frontiers.controllers.RosterStudentsControllerTests.[engine:junit-jupiter]/[class:edu.ucsb.cs156.frontiers.controllers.RosterStudentsControllerTests]/[method:no_fire_on_no_org_name()]
RosterStudentsController.java,edu.ucsb.cs156.frontiers.controllers.RosterStudentsController,org.pitest.mutationtest.engine.gregor.mutators.NegateConditionalsMutator,linkGitHub,225,KILLED,edu.ucsb.cs156.frontiers.controllers.RosterStudentsControllerTests.[engine:junit-jupiter]/[class:edu.ucsb.cs156.frontiers.controllers.RosterStudentsControllerTests]/[method:test_fires_invite()]
RosterStudentsController.java,edu.ucsb.cs156.frontiers.controllers.RosterStudentsController,org.pitest.mutationtest.engine.gregor.mutators.NegateConditionalsMutator,linkGitHub,225,KILLED,edu.ucsb.cs156.frontiers.controllers.RosterStudentsControllerTests.[engine:junit-jupiter]/[class:edu.ucsb.cs156.frontiers.controllers.RosterStudentsControllerTests]/[method:no_fire_on_no_org_name()]
RosterStudentsController.java,edu.ucsb.cs156.frontiers.controllers.RosterStudentsController,org.pitest.mutationtest.engine.gregor.mutators.NegateConditionalsMutator,linkGitHub,225,KILLED,edu.ucsb.cs156.frontiers.controllers.RosterStudentsControllerTests.[engine:junit-jupiter]/[class:edu.ucsb.cs156.frontiers.controllers.RosterStudentsControllerTests]/[method:no_fire_on_no_installation_id()]
RosterStudentsController.java,edu.ucsb.cs156.frontiers.controllers.RosterStudentsController,org.pitest.mutationtest.engine.gregor.mutators.NegateConditionalsMutator,linkGitHub,230,KILLED,edu.ucsb.cs156.frontiers.controllers.RosterStudentsControllerTests.[engine:junit-jupiter]/[class:edu.ucsb.cs156.frontiers.controllers.RosterStudentsControllerTests]/[method:no_fire_on_no_org_name()]
RosterStudentsController.java,edu.ucsb.cs156.frontiers.controllers.RosterStudentsController,org.pitest.mutationtest.engine.gregor.mutators.NegateConditionalsMutator,linkGitHub,230,KILLED,edu.ucsb.cs156.frontiers.controllers.RosterStudentsControllerTests.[engine:junit-jupiter]/[class:edu.ucsb.cs156.frontiers.controllers.RosterStudentsControllerTests]/[method:no_fire_on_no_installation_id()]
RosterStudentsController.java,edu.ucsb.cs156.frontiers.controllers.RosterStudentsController,org.pitest.mutationtest.engine.gregor.mutators.NegateConditionalsMutator,linkGitHub,238,KILLED,edu.ucsb.cs156.frontiers.controllers.RosterStudentsControllerTests.[engine:junit-jupiter]/[class:edu.ucsb.cs156.frontiers.controllers.RosterStudentsControllerTests]/[method:test_fires_invite()]
RosterStudentsController.java,edu.ucsb.cs156.frontiers.controllers.RosterStudentsController,org.pitest.mutationtest.engine.gregor.mutators.VoidMethodCallMutator,linkGitHub,233,KILLED,edu.ucsb.cs156.frontiers.controllers.RosterStudentsControllerTests.[engine:junit-jupiter]/[class:edu.ucsb.cs156.frontiers.controllers.RosterStudentsControllerTests]/[method:test_fires_invite()]
RosterStudentsController.java,edu.ucsb.cs156.frontiers.controllers.RosterStudentsController,org.pitest.mutationtest.engine.gregor.mutators.VoidMethodCallMutator,linkGitHub,234,KILLED,edu.ucsb.cs156.frontiers.controllers.RosterStudentsControllerTests.[engine:junit-jupiter]/[class:edu.ucsb.cs156.frontiers.controllers.RosterStudentsControllerTests]/[method:test_fires_invite()]
RosterStudentsController.java,edu.ucsb.cs156.frontiers.controllers.RosterStudentsController,org.pitest.mutationtest.engine.gregor.mutators.VoidMethodCallMutator,linkGitHub,236,KILLED,edu.ucsb.cs156.frontiers.controllers.RosterStudentsControllerTests.[engine:junit-jupiter]/[class:edu.ucsb.cs156.frontiers.controllers.RosterStudentsControllerTests]/[method:test_fires_invite()]
RosterStudentsController.java,edu.ucsb.cs156.frontiers.controllers.RosterStudentsController,org.pitest.mutationtest.engine.gregor.mutators.returns.NullReturnValsMutator,linkGitHub,226,KILLED,edu.ucsb.cs156.frontiers.controllers.RosterStudentsControllerTests.[engine:junit-jupiter]/[class:edu.ucsb.cs156.frontiers.controllers.RosterStudentsControllerTests]/[method:testLinkGitHub_alreadyLinked()]
RosterStudentsController.java,edu.ucsb.cs156.frontiers.controllers.RosterStudentsController,org.pitest.mutationtest.engine.gregor.mutators.returns.NullReturnValsMutator,linkGitHub,231,KILLED,edu.ucsb.cs156.frontiers.controllers.RosterStudentsControllerTests.[engine:junit-jupiter]/[class:edu.ucsb.cs156.frontiers.controllers.RosterStudentsControllerTests]/[method:no_fire_on_no_org_name()]
RosterStudentsController.java,edu.ucsb.cs156.frontiers.controllers.RosterStudentsController,org.pitest.mutationtest.engine.gregor.mutators.returns.NullReturnValsMutator,linkGitHub,239,KILLED,edu.ucsb.cs156.frontiers.controllers.RosterStudentsControllerTests.[engine:junit-jupiter]/[class:edu.ucsb.cs156.frontiers.controllers.RosterStudentsControllerTests]/[method:test_fires_invite()]
RosterStudentsController.java,edu.ucsb.cs156.frontiers.controllers.RosterStudentsController,org.pitest.mutationtest.engine.gregor.mutators.returns.NullReturnValsMutator,linkGitHub,241,KILLED,edu.ucsb.cs156.frontiers.controllers.RosterStudentsControllerTests.[engine:junit-jupiter]/[class:edu.ucsb.cs156.frontiers.controllers.RosterStudentsControllerTests]/[method:cant_invite()]
RosterStudentsController.java,edu.ucsb.cs156.frontiers.controllers.RosterStudentsController,org.pitest.mutationtest.engine.gregor.mutators.VoidMethodCallMutator,postRosterStudent,107,KILLED,edu.ucsb.cs156.frontiers.controllers.RosterStudentsControllerTests.[engine:junit-jupiter]/[class:edu.ucsb.cs156.frontiers.controllers.RosterStudentsControllerTests]/[method:testPostRosterStudent()]
RosterStudentsController.java,edu.ucsb.cs156.frontiers.controllers.RosterStudentsController,org.pitest.mutationtest.engine.gregor.mutators.returns.NullReturnValsMutator,postRosterStudent,108,KILLED,edu.ucsb.cs156.frontiers.controllers.RosterStudentsControllerTests.[engine:junit-jupiter]/[class:edu.ucsb.cs156.frontiers.controllers.RosterStudentsControllerTests]/[method:testPostRosterStudent()]
RosterStudentsController.java,edu.ucsb.cs156.frontiers.controllers.RosterStudentsController,org.pitest.mutationtest.engine.gregor.mutators.returns.EmptyObjectReturnValsMutator,rosterStudentForCourse,123,KILLED,edu.ucsb.cs156.frontiers.controllers.RosterStudentsControllerTests.[engine:junit-jupiter]/[class:edu.ucsb.cs156.frontiers.controllers.RosterStudentsControllerTests]/[method:testRosterStudentsByCourse()]
RosterStudentsController.java,edu.ucsb.cs156.frontiers.controllers.RosterStudentsController,org.pitest.mutationtest.engine.gregor.mutators.NegateConditionalsMutator,updateCourseMembership,199,KILLED,edu.ucsb.cs156.frontiers.controllers.RosterStudentsControllerTests.[engine:junit-jupiter]/[class:edu.ucsb.cs156.frontiers.controllers.RosterStudentsControllerTests]/[method:job_actually_fires()]
RosterStudentsController.java,edu.ucsb.cs156.frontiers.controllers.RosterStudentsController,org.pitest.mutationtest.engine.gregor.mutators.NegateConditionalsMutator,updateCourseMembership,199,KILLED,edu.ucsb.cs156.frontiers.controllers.RosterStudentsControllerTests.[engine:junit-jupiter]/[class:edu.ucsb.cs156.frontiers.controllers.RosterStudentsControllerTests]/[method:just_no_org_name()]
RosterStudentsController.java,edu.ucsb.cs156.frontiers.controllers.RosterStudentsController,org.pitest.mutationtest.engine.gregor.mutators.returns.NullReturnValsMutator,updateCourseMembership,208,KILLED,edu.ucsb.cs156.frontiers.controllers.RosterStudentsControllerTests.[engine:junit-jupiter]/[class:edu.ucsb.cs156.frontiers.controllers.RosterStudentsControllerTests]/[method:job_actually_fires()]
RosterStudentsController.java,edu.ucsb.cs156.frontiers.controllers.RosterStudentsController,org.pitest.mutationtest.engine.gregor.mutators.NegateConditionalsMutator,updateRosterStudent,264,KILLED,edu.ucsb.cs156.frontiers.controllers.RosterStudentsControllerTests.[engine:junit-jupiter]/[class:edu.ucsb.cs156.frontiers.controllers.RosterStudentsControllerTests]/[method:testUpdateRosterStudent_nullFields()]
RosterStudentsController.java,edu.ucsb.cs156.frontiers.controllers.RosterStudentsController,org.pitest.mutationtest.engine.gregor.mutators.NegateConditionalsMutator,updateRosterStudent,264,KILLED,edu.ucsb.cs156.frontiers.controllers.RosterStudentsControllerTests.[engine:junit-jupiter]/[class:edu.ucsb.cs156.frontiers.controllers.RosterStudentsControllerTests]/[method:testUpdateRosterStudent_sameStudentIdWithWhitespace()]
RosterStudentsController.java,edu.ucsb.cs156.frontiers.controllers.RosterStudentsController,org.pitest.mutationtest.engine.gregor.mutators.NegateConditionalsMutator,updateRosterStudent,264,KILLED,edu.ucsb.cs156.frontiers.controllers.RosterStudentsControllerTests.[engine:junit-jupiter]/[class:edu.ucsb.cs156.frontiers.controllers.RosterStudentsControllerTests]/[method:testUpdateRosterStudent_sameStudentIdWithWhitespace()]
RosterStudentsController.java,edu.ucsb.cs156.frontiers.controllers.RosterStudentsController,org.pitest.mutationtest.engine.gregor.mutators.NegateConditionalsMutator,updateRosterStudent,265,KILLED,edu.ucsb.cs156.frontiers.controllers.RosterStudentsControllerTests.[engine:junit-jupiter]/[class:edu.ucsb.cs156.frontiers.controllers.RosterStudentsControllerTests]/[method:testUpdateRosterStudent_emptyFirstName()]
RosterStudentsController.java,edu.ucsb.cs156.frontiers.controllers.RosterStudentsController,org.pitest.mutationtest.engine.gregor.mutators.NegateConditionalsMutator,updateRosterStudent,265,KILLED,edu.ucsb.cs156.frontiers.controllers.RosterStudentsControllerTests.[engine:junit-jupiter]/[class:edu.ucsb.cs156.frontiers.controllers.RosterStudentsControllerTests]/[method:testUpdateRosterStudent_sameStudentIdWithWhitespace()]
RosterStudentsController.java,edu.ucsb.cs156.frontiers.controllers.RosterStudentsController,org.pitest.mutationtest.engine.gregor.mutators.NegateConditionalsMutator,updateRosterStudent,265,KILLED,edu.ucsb.cs156.frontiers.controllers.RosterStudentsControllerTests.[engine:junit-jupiter]/[class:edu.ucsb.cs156.frontiers.controllers.RosterStudentsControllerTests]/[method:testUpdateRosterStudent_sameStudentIdWithWhitespace()]
RosterStudentsController.java,edu.ucsb.cs156.frontiers.controllers.RosterStudentsController,org.pitest.mutationtest.engine.gregor.mutators.NegateConditionalsMutator,updateRosterStudent,272,KILLED,edu.ucsb.cs156.frontiers.controllers.RosterStudentsControllerTests.[engine:junit-jupiter]/[class:edu.ucsb.cs156.frontiers.controllers.RosterStudentsControllerTests]/[method:testUpdateRosterStudent_duplicateStudentId()]
RosterStudentsController.java,edu.ucsb.cs156.frontiers.controllers.RosterStudentsController,org.pitest.mutationtest.engine.gregor.mutators.NegateConditionalsMutator,updateRosterStudent,275,KILLED,edu.ucsb.cs156.frontiers.controllers.RosterStudentsControllerTests.[engine:junit-jupiter]/[class:edu.ucsb.cs156.frontiers.controllers.RosterStudentsControllerTests]/[method:testUpdateRosterStudent_duplicateStudentId()]
RosterStudentsController.java,edu.ucsb.cs156.frontiers.controllers.RosterStudentsController,org.pitest.mutationtest.engine.gregor.mutators.VoidMethodCallMutator,updateRosterStudent,280,KILLED,edu.ucsb.cs156.frontiers.controllers.RosterStudentsControllerTests.[engine:junit-jupiter]/[class:edu.ucsb.cs156.frontiers.controllers.RosterStudentsControllerTests]/[method:testUpdateRosterStudent_sameStudentIdWithWhitespace()]
RosterStudentsController.java,edu.ucsb.cs156.frontiers.controllers.RosterStudentsController,org.pitest.mutationtest.engine.gregor.mutators.VoidMethodCallMutator,updateRosterStudent,281,KILLED,edu.ucsb.cs156.frontiers.controllers.RosterStudentsControllerTests.[engine:junit-jupiter]/[class:edu.ucsb.cs156.frontiers.controllers.RosterStudentsControllerTests]/[method:testUpdateRosterStudent_sameStudentIdWithWhitespace()]
RosterStudentsController.java,edu.ucsb.cs156.frontiers.controllers.RosterStudentsController,org.pitest.mutationtest.engine.gregor.mutators.VoidMethodCallMutator,updateRosterStudent,282,KILLED,edu.ucsb.cs156.frontiers.controllers.RosterStudentsControllerTests.[engine:junit-jupiter]/[class:edu.ucsb.cs156.frontiers.controllers.RosterStudentsControllerTests]/[method:testUpdateRosterStudent_newStudentIdNotExists()]
RosterStudentsController.java,edu.ucsb.cs156.frontiers.controllers.RosterStudentsController,org.pitest.mutationtest.engine.gregor.mutators.returns.NullReturnValsMutator,updateRosterStudent,284,KILLED,edu.ucsb.cs156.frontiers.controllers.RosterStudentsControllerTests.[engine:junit-jupiter]/[class:edu.ucsb.cs156.frontiers.controllers.RosterStudentsControllerTests]/[method:testUpdateRosterStudent_sameStudentIdWithWhitespace()]
RosterStudentsController.java,edu.ucsb.cs156.frontiers.controllers.RosterStudentsController,org.pitest.mutationtest.engine.gregor.mutators.MathMutator,uploadRosterStudents,147,KILLED,edu.ucsb.cs156.frontiers.controllers.RosterStudentsControllerTests.[engine:junit-jupiter]/[class:edu.ucsb.cs156.frontiers.controllers.RosterStudentsControllerTests]/[method:admin_can_upload_students_for_an_existing_course()]
RosterStudentsController.java,edu.ucsb.cs156.frontiers.controllers.RosterStudentsController,org.pitest.mutationtest.engine.gregor.mutators.VoidMethodCallMutator,uploadRosterStudents,142,KILLED,edu.ucsb.cs156.frontiers.controllers.RosterStudentsControllerTests.[engine:junit-jupiter]/[class:edu.ucsb.cs156.frontiers.controllers.RosterStudentsControllerTests]/[method:admin_can_upload_students_for_an_existing_course()]
RosterStudentsController.java,edu.ucsb.cs156.frontiers.controllers.RosterStudentsController,org.pitest.mutationtest.engine.gregor.mutators.returns.EmptyObjectReturnValsMutator,uploadRosterStudents,150,KILLED,edu.ucsb.cs156.frontiers.controllers.RosterStudentsControllerTests.[engine:junit-jupiter]/[class:edu.ucsb.cs156.frontiers.controllers.RosterStudentsControllerTests]/[method:admin_can_upload_students_for_an_existing_course()]
RosterStudentsController.java,edu.ucsb.cs156.frontiers.controllers.RosterStudentsController,org.pitest.mutationtest.engine.gregor.mutators.NegateConditionalsMutator,upsertStudent,170,KILLED,edu.ucsb.cs156.frontiers.controllers.RosterStudentsControllerTests.[engine:junit-jupiter]/[class:edu.ucsb.cs156.frontiers.controllers.RosterStudentsControllerTests]/[method:admin_can_upload_students_for_an_existing_course()]
RosterStudentsController.java,edu.ucsb.cs156.frontiers.controllers.RosterStudentsController,org.pitest.mutationtest.engine.gregor.mutators.NegateConditionalsMutator,upsertStudent,175,KILLED,edu.ucsb.cs156.frontiers.controllers.RosterStudentsControllerTests.[engine:junit-jupiter]/[class:edu.ucsb.cs156.frontiers.controllers.RosterStudentsControllerTests]/[method:admin_can_upload_students_for_an_existing_course()]
RosterStudentsController.java,edu.ucsb.cs156.frontiers.controllers.RosterStudentsController,org.pitest.mutationtest.engine.gregor.mutators.VoidMethodCallMutator,upsertStudent,172,KILLED,edu.ucsb.cs156.frontiers.controllers.RosterStudentsControllerTests.[engine:junit-jupiter]/[class:edu.ucsb.cs156.frontiers.controllers.RosterStudentsControllerTests]/[method:admin_can_upload_students_for_an_existing_course()]
RosterStudentsController.java,edu.ucsb.cs156.frontiers.controllers.RosterStudentsController,org.pitest.mutationtest.engine.gregor.mutators.VoidMethodCallMutator,upsertStudent,173,KILLED,edu.ucsb.cs156.frontiers.controllers.RosterStudentsControllerTests.[engine:junit-jupiter]/[class:edu.ucsb.cs156.frontiers.controllers.RosterStudentsControllerTests]/[method:admin_can_upload_students_for_an_existing_course()]
RosterStudentsController.java,edu.ucsb.cs156.frontiers.controllers.RosterStudentsController,org.pitest.mutationtest.engine.gregor.mutators.VoidMethodCallMutator,upsertStudent,174,KILLED,edu.ucsb.cs156.frontiers.controllers.RosterStudentsControllerTests.[engine:junit-jupiter]/[class:edu.ucsb.cs156.frontiers.controllers.RosterStudentsControllerTests]/[method:admin_can_upload_students_for_an_existing_course()]
RosterStudentsController.java,edu.ucsb.cs156.frontiers.controllers.RosterStudentsController,org.pitest.mutationtest.engine.gregor.mutators.VoidMethodCallMutator,upsertStudent,176,KILLED,edu.ucsb.cs156.frontiers.controllers.RosterStudentsControllerTests.[engine:junit-jupiter]/[class:edu.ucsb.cs156.frontiers.controllers.RosterStudentsControllerTests]/[method:admin_can_upload_students_for_an_existing_course()]
RosterStudentsController.java,edu.ucsb.cs156.frontiers.controllers.RosterStudentsController,org.pitest.mutationtest.engine.gregor.mutators.VoidMethodCallMutator,upsertStudent,179,KILLED,edu.ucsb.cs156.frontiers.controllers.RosterStudentsControllerTests.[engine:junit-jupiter]/[class:edu.ucsb.cs156.frontiers.controllers.RosterStudentsControllerTests]/[method:admin_can_upload_students_for_an_existing_course()]
RosterStudentsController.java,edu.ucsb.cs156.frontiers.controllers.RosterStudentsController,org.pitest.mutationtest.engine.gregor.mutators.VoidMethodCallMutator,upsertStudent,182,KILLED,edu.ucsb.cs156.frontiers.controllers.RosterStudentsControllerTests.[engine:junit-jupiter]/[class:edu.ucsb.cs156.frontiers.controllers.RosterStudentsControllerTests]/[method:admin_can_upload_students_for_an_existing_course()]
RosterStudentsController.java,edu.ucsb.cs156.frontiers.controllers.RosterStudentsController,org.pitest.mutationtest.engine.gregor.mutators.VoidMethodCallMutator,upsertStudent,183,KILLED,edu.ucsb.cs156.frontiers.controllers.RosterStudentsControllerTests.[engine:junit-jupiter]/[class:edu.ucsb.cs156.frontiers.controllers.RosterStudentsControllerTests]/[method:admin_can_upload_students_for_an_existing_course()]
RosterStudentsController.java,edu.ucsb.cs156.frontiers.controllers.RosterStudentsController,org.pitest.mutationtest.engine.gregor.mutators.VoidMethodCallMutator,upsertStudent,184,KILLED,edu.ucsb.cs156.frontiers.controllers.RosterStudentsControllerTests.[engine:junit-jupiter]/[class:edu.ucsb.cs156.frontiers.controllers.RosterStudentsControllerTests]/[method:admin_can_upload_students_for_an_existing_course()]
RosterStudentsController.java,edu.ucsb.cs156.frontiers.controllers.RosterStudentsController,org.pitest.mutationtest.engine.gregor.mutators.VoidMethodCallMutator,upsertStudent,185,KILLED,edu.ucsb.cs156.frontiers.controllers.RosterStudentsControllerTests.[engine:junit-jupiter]/[class:edu.ucsb.cs156.frontiers.controllers.RosterStudentsControllerTests]/[method:admin_can_upload_students_for_an_existing_course()]
RosterStudentsController.java,edu.ucsb.cs156.frontiers.controllers.RosterStudentsController,org.pitest.mutationtest.engine.gregor.mutators.VoidMethodCallMutator,upsertStudent,187,KILLED,edu.ucsb.cs156.frontiers.controllers.RosterStudentsControllerTests.[engine:junit-jupiter]/[class:edu.ucsb.cs156.frontiers.controllers.RosterStudentsControllerTests]/[method:admin_can_upload_students_for_an_existing_course()]
RosterStudentsController.java,edu.ucsb.cs156.frontiers.controllers.RosterStudentsController,org.pitest.mutationtest.engine.gregor.mutators.returns.NullReturnValsMutator,upsertStudent,180,KILLED,edu.ucsb.cs156.frontiers.controllers.RosterStudentsControllerTests.[engine:junit-jupiter]/[class:edu.ucsb.cs156.frontiers.controllers.RosterStudentsControllerTests]/[method:admin_can_upload_students_for_an_existing_course()]
RosterStudentsController.java,edu.ucsb.cs156.frontiers.controllers.RosterStudentsController,org.pitest.mutationtest.engine.gregor.mutators.returns.NullReturnValsMutator,upsertStudent,188,KILLED,edu.ucsb.cs156.frontiers.controllers.RosterStudentsControllerTests.[engine:junit-jupiter]/[class:edu.ucsb.cs156.frontiers.controllers.RosterStudentsControllerTests]/[method:admin_can_upload_students_for_an_existing_course()]
WebhookController.java,edu.ucsb.cs156.frontiers.controllers.WebhookController,org.pitest.mutationtest.engine.gregor.mutators.NegateConditionalsMutator,createGitHubWebhook,48,KILLED,edu.ucsb.cs156.frontiers.controllers.WebhookControllerTests.[engine:junit-jupiter]/[class:edu.ucsb.cs156.frontiers.controllers.WebhookControllerTests]/[method:noCourse()]
WebhookController.java,edu.ucsb.cs156.frontiers.controllers.WebhookController,org.pitest.mutationtest.engine.gregor.mutators.NegateConditionalsMutator,createGitHubWebhook,56,KILLED,edu.ucsb.cs156.frontiers.controllers.WebhookControllerTests.[engine:junit-jupiter]/[class:edu.ucsb.cs156.frontiers.controllers.WebhookControllerTests]/[method:noCourse()]
WebhookController.java,edu.ucsb.cs156.frontiers.controllers.WebhookController,org.pitest.mutationtest.engine.gregor.mutators.NegateConditionalsMutator,createGitHubWebhook,56,KILLED,edu.ucsb.cs156.frontiers.controllers.WebhookControllerTests.[engine:junit-jupiter]/[class:edu.ucsb.cs156.frontiers.controllers.WebhookControllerTests]/[method:successfulWebhook_memberInvited()]
WebhookController.java,edu.ucsb.cs156.frontiers.controllers.WebhookController,org.pitest.mutationtest.engine.gregor.mutators.NegateConditionalsMutator,createGitHubWebhook,65,KILLED,edu.ucsb.cs156.frontiers.controllers.WebhookControllerTests.[engine:junit-jupiter]/[class:edu.ucsb.cs156.frontiers.controllers.WebhookControllerTests]/[method:noCourse()]
WebhookController.java,edu.ucsb.cs156.frontiers.controllers.WebhookController,org.pitest.mutationtest.engine.gregor.mutators.NegateConditionalsMutator,createGitHubWebhook,66,KILLED,edu.ucsb.cs156.frontiers.controllers.WebhookControllerTests.[engine:junit-jupiter]/[class:edu.ucsb.cs156.frontiers.controllers.WebhookControllerTests]/[method:memberAdded_missingMembershipField()]
WebhookController.java,edu.ucsb.cs156.frontiers.controllers.WebhookController,org.pitest.mutationtest.engine.gregor.mutators.NegateConditionalsMutator,createGitHubWebhook,67,KILLED,edu.ucsb.cs156.frontiers.controllers.WebhookControllerTests.[engine:junit-jupiter]/[class:edu.ucsb.cs156.frontiers.controllers.WebhookControllerTests]/[method:memberAdded_missingUserField()]
WebhookController.java,edu.ucsb.cs156.frontiers.controllers.WebhookController,org.pitest.mutationtest.engine.gregor.mutators.NegateConditionalsMutator,createGitHubWebhook,68,KILLED,edu.ucsb.cs156.frontiers.controllers.WebhookControllerTests.[engine:junit-jupiter]/[class:edu.ucsb.cs156.frontiers.controllers.WebhookControllerTests]/[method:memberAdded_missingLoginField()]
WebhookController.java,edu.ucsb.cs156.frontiers.controllers.WebhookController,org.pitest.mutationtest.engine.gregor.mutators.NegateConditionalsMutator,createGitHubWebhook,69,KILLED,edu.ucsb.cs156.frontiers.controllers.WebhookControllerTests.[engine:junit-jupiter]/[class:edu.ucsb.cs156.frontiers.controllers.WebhookControllerTests]/[method:noCourse()]
WebhookController.java,edu.ucsb.cs156.frontiers.controllers.WebhookController,org.pitest.mutationtest.engine.gregor.mutators.NegateConditionalsMutator,createGitHubWebhook,70,KILLED,edu.ucsb.cs156.frontiers.controllers.WebhookControllerTests.[engine:junit-jupiter]/[class:edu.ucsb.cs156.frontiers.controllers.WebhookControllerTests]/[method:memberAdded_missingInstallationIdField()]
WebhookController.java,edu.ucsb.cs156.frontiers.controllers.WebhookController,org.pitest.mutationtest.engine.gregor.mutators.NegateConditionalsMutator,createGitHubWebhook,79,KILLED,edu.ucsb.cs156.frontiers.controllers.WebhookControllerTests.[engine:junit-jupiter]/[class:edu.ucsb.cs156.frontiers.controllers.WebhookControllerTests]/[method:memberInvited_missingUserField()]
WebhookController.java,edu.ucsb.cs156.frontiers.controllers.WebhookController,org.pitest.mutationtest.engine.gregor.mutators.NegateConditionalsMutator,createGitHubWebhook,80,KILLED,edu.ucsb.cs156.frontiers.controllers.WebhookControllerTests.[engine:junit-jupiter]/[class:edu.ucsb.cs156.frontiers.controllers.WebhookControllerTests]/[method:memberInvited_missingLoginField()]
WebhookController.java,edu.ucsb.cs156.frontiers.controllers.WebhookController,org.pitest.mutationtest.engine.gregor.mutators.NegateConditionalsMutator,createGitHubWebhook,81,KILLED,edu.ucsb.cs156.frontiers.controllers.WebhookControllerTests.[engine:junit-jupiter]/[class:edu.ucsb.cs156.frontiers.controllers.WebhookControllerTests]/[method:memberInvited_missingInstallationField()]
WebhookController.java,edu.ucsb.cs156.frontiers.controllers.WebhookController,org.pitest.mutationtest.engine.gregor.mutators.NegateConditionalsMutator,createGitHubWebhook,82,KILLED,edu.ucsb.cs156.frontiers.controllers.WebhookControllerTests.[engine:junit-jupiter]/[class:edu.ucsb.cs156.frontiers.controllers.WebhookControllerTests]/[method:memberInvited_missingInstallationIdField()]
WebhookController.java,edu.ucsb.cs156.frontiers.controllers.WebhookController,org.pitest.mutationtest.engine.gregor.mutators.NegateConditionalsMutator,createGitHubWebhook,95,KILLED,edu.ucsb.cs156.frontiers.controllers.WebhookControllerTests.[engine:junit-jupiter]/[class:edu.ucsb.cs156.frontiers.controllers.WebhookControllerTests]/[method:noCourse()]
WebhookController.java,edu.ucsb.cs156.frontiers.controllers.WebhookController,org.pitest.mutationtest.engine.gregor.mutators.NegateConditionalsMutator,createGitHubWebhook,103,KILLED,edu.ucsb.cs156.frontiers.controllers.WebhookControllerTests.[engine:junit-jupiter]/[class:edu.ucsb.cs156.frontiers.controllers.WebhookControllerTests]/[method:successfulWebhook_memberInvited()]
WebhookController.java,edu.ucsb.cs156.frontiers.controllers.WebhookController,org.pitest.mutationtest.engine.gregor.mutators.NegateConditionalsMutator,createGitHubWebhook,112,KILLED,edu.ucsb.cs156.frontiers.controllers.WebhookControllerTests.[engine:junit-jupiter]/[class:edu.ucsb.cs156.frontiers.controllers.WebhookControllerTests]/[method:successfulWebhook_memberInvited()]
WebhookController.java,edu.ucsb.cs156.frontiers.controllers.WebhookController,org.pitest.mutationtest.engine.gregor.mutators.VoidMethodCallMutator,createGitHubWebhook,113,KILLED,edu.ucsb.cs156.frontiers.controllers.WebhookControllerTests.[engine:junit-jupiter]/[class:edu.ucsb.cs156.frontiers.controllers.WebhookControllerTests]/[method:successfulWebhook()]
WebhookController.java,edu.ucsb.cs156.frontiers.controllers.WebhookController,org.pitest.mutationtest.engine.gregor.mutators.VoidMethodCallMutator,createGitHubWebhook,116,KILLED,edu.ucsb.cs156.frontiers.controllers.WebhookControllerTests.[engine:junit-jupiter]/[class:edu.ucsb.cs156.frontiers.controllers.WebhookControllerTests]/[method:successfulWebhook_memberInvited()]
WebhookController.java,edu.ucsb.cs156.frontiers.controllers.WebhookController,org.pitest.mutationtest.engine.gregor.mutators.returns.NullReturnValsMutator,createGitHubWebhook,49,KILLED,edu.ucsb.cs156.frontiers.controllers.WebhookControllerTests.[engine:junit-jupiter]/[class:edu.ucsb.cs156.frontiers.controllers.WebhookControllerTests]/[method:no_action()]
WebhookController.java,edu.ucsb.cs156.frontiers.controllers.WebhookController,org.pitest.mutationtest.engine.gregor.mutators.returns.NullReturnValsMutator,createGitHubWebhook,57,KILLED,edu.ucsb.cs156.frontiers.controllers.WebhookControllerTests.[engine:junit-jupiter]/[class:edu.ucsb.cs156.frontiers.controllers.WebhookControllerTests]/[method:testMemberRemoved_withValidFields()]
WebhookController.java,edu.ucsb.cs156.frontiers.controllers.WebhookController,org.pitest.mutationtest.engine.gregor.mutators.returns.NullReturnValsMutator,createGitHubWebhook,71,KILLED,edu.ucsb.cs156.frontiers.controllers.WebhookControllerTests.[engine:junit-jupiter]/[class:edu.ucsb.cs156.frontiers.controllers.WebhookControllerTests]/[method:memberAdded_missingUserField()]
WebhookController.java,edu.ucsb.cs156.frontiers.controllers.WebhookController,org.pitest.mutationtest.engine.gregor.mutators.returns.NullReturnValsMutator,createGitHubWebhook,83,KILLED,edu.ucsb.cs156.frontiers.controllers.WebhookControllerTests.[engine:junit-jupiter]/[class:edu.ucsb.cs156.frontiers.controllers.WebhookControllerTests]/[method:memberInvited_missingLoginField()]
WebhookController.java,edu.ucsb.cs156.frontiers.controllers.WebhookController,org.pitest.mutationtest.engine.gregor.mutators.returns.NullReturnValsMutator,createGitHubWebhook,97,KILLED,edu.ucsb.cs156.frontiers.controllers.WebhookControllerTests.[engine:junit-jupiter]/[class:edu.ucsb.cs156.frontiers.controllers.WebhookControllerTests]/[method:noCourse()]
WebhookController.java,edu.ucsb.cs156.frontiers.controllers.WebhookController,org.pitest.mutationtest.engine.gregor.mutators.returns.NullReturnValsMutator,createGitHubWebhook,105,KILLED,edu.ucsb.cs156.frontiers.controllers.WebhookControllerTests.[engine:junit-jupiter]/[class:edu.ucsb.cs156.frontiers.controllers.WebhookControllerTests]/[method:noStudent()]
WebhookController.java,edu.ucsb.cs156.frontiers.controllers.WebhookController,org.pitest.mutationtest.engine.gregor.mutators.returns.NullReturnValsMutator,createGitHubWebhook,122,KILLED,edu.ucsb.cs156.frontiers.controllers.WebhookControllerTests.[engine:junit-jupiter]/[class:edu.ucsb.cs156.frontiers.controllers.WebhookControllerTests]/[method:successfulWebhook_memberInvited()]
CoursesController.java,edu.ucsb.cs156.frontiers.controllers.CoursesController,org.pitest.mutationtest.engine.gregor.mutators.NegateConditionalsMutator,addInstallation,171,KILLED,edu.ucsb.cs156.frontiers.controllers.CoursesControllerTests.[engine:junit-jupiter]/[class:edu.ucsb.cs156.frontiers.controllers.CoursesControllerTests]/[method:testNoPerms()]
CoursesController.java,edu.ucsb.cs156.frontiers.controllers.CoursesController,org.pitest.mutationtest.engine.gregor.mutators.NegateConditionalsMutator,addInstallation,177,KILLED,edu.ucsb.cs156.frontiers.controllers.CoursesControllerTests.[engine:junit-jupiter]/[class:edu.ucsb.cs156.frontiers.controllers.CoursesControllerTests]/[method:testNotOrganization()]
CoursesController.java,edu.ucsb.cs156.frontiers.controllers.CoursesController,org.pitest.mutationtest.engine.gregor.mutators.VoidMethodCallMutator,addInstallation,181,KILLED,edu.ucsb.cs156.frontiers.controllers.CoursesControllerTests.[engine:junit-jupiter]/[class:edu.ucsb.cs156.frontiers.controllers.CoursesControllerTests]/[method:testLinkCourseSuccessfully()]
CoursesController.java,edu.ucsb.cs156.frontiers.controllers.CoursesController,org.pitest.mutationtest.engine.gregor.mutators.VoidMethodCallMutator,addInstallation,182,KILLED,edu.ucsb.cs156.frontiers.controllers.CoursesControllerTests.[engine:junit-jupiter]/[class:edu.ucsb.cs156.frontiers.controllers.CoursesControllerTests]/[method:testLinkCourseSuccessfully()]
CoursesController.java,edu.ucsb.cs156.frontiers.controllers.CoursesController,org.pitest.mutationtest.engine.gregor.mutators.returns.NullReturnValsMutator,addInstallation,172,KILLED,edu.ucsb.cs156.frontiers.controllers.CoursesControllerTests.[engine:junit-jupiter]/[class:edu.ucsb.cs156.frontiers.controllers.CoursesControllerTests]/[method:testNoPerms()]
CoursesController.java,edu.ucsb.cs156.frontiers.controllers.CoursesController,org.pitest.mutationtest.engine.gregor.mutators.returns.NullReturnValsMutator,addInstallation,178,KILLED,edu.ucsb.cs156.frontiers.controllers.CoursesControllerTests.[engine:junit-jupiter]/[class:edu.ucsb.cs156.frontiers.controllers.CoursesControllerTests]/[method:testNotCreator()]
CoursesController.java,edu.ucsb.cs156.frontiers.controllers.CoursesController,org.pitest.mutationtest.engine.gregor.mutators.returns.NullReturnValsMutator,addInstallation,184,KILLED,edu.ucsb.cs156.frontiers.controllers.CoursesControllerTests.[engine:junit-jupiter]/[class:edu.ucsb.cs156.frontiers.controllers.CoursesControllerTests]/[method:testLinkCourseSuccessfully()]
CoursesController.java,edu.ucsb.cs156.frontiers.controllers.CoursesController,org.pitest.mutationtest.engine.gregor.mutators.returns.EmptyObjectReturnValsMutator,allCourses,118,KILLED,edu.ucsb.cs156.frontiers.controllers.CoursesControllerTests.[engine:junit-jupiter]/[class:edu.ucsb.cs156.frontiers.controllers.CoursesControllerTests]/[method:testAllCourses()]
CoursesController.java,edu.ucsb.cs156.frontiers.controllers.CoursesController,org.pitest.mutationtest.engine.gregor.mutators.returns.NullReturnValsMutator,handleInvalidInstallationType,199,KILLED,edu.ucsb.cs156.frontiers.controllers.CoursesControllerTests.[engine:junit-jupiter]/[class:edu.ucsb.cs156.frontiers.controllers.CoursesControllerTests]/[method:testNotOrganization()]
CoursesController.java,edu.ucsb.cs156.frontiers.controllers.CoursesController,org.pitest.mutationtest.engine.gregor.mutators.returns.NullReturnValsMutator,lambda$addInstallation$0,176,KILLED,edu.ucsb.cs156.frontiers.controllers.CoursesControllerTests.[engine:junit-jupiter]/[class:edu.ucsb.cs156.frontiers.controllers.CoursesControllerTests]/[method:testCourseLinkNotFound()]
CoursesController.java,edu.ucsb.cs156.frontiers.controllers.CoursesController,org.pitest.mutationtest.engine.gregor.mutators.returns.EmptyObjectReturnValsMutator,lambda$listCoursesForCurrentUser$1,229,KILLED,edu.ucsb.cs156.frontiers.controllers.CoursesControllerTests.[engine:junit-jupiter]/[class:edu.ucsb.cs156.frontiers.controllers.CoursesControllerTests]/[method:testListCoursesForCurrentUser()]
CoursesController.java,edu.ucsb.cs156.frontiers.controllers.CoursesController,org.pitest.mutationtest.engine.gregor.mutators.returns.NullReturnValsMutator,linkCourse,145,KILLED,edu.ucsb.cs156.frontiers.controllers.CoursesControllerTests.[engine:junit-jupiter]/[class:edu.ucsb.cs156.frontiers.controllers.CoursesControllerTests]/[method:testRedirect()]
CoursesController.java,edu.ucsb.cs156.frontiers.controllers.CoursesController,org.pitest.mutationtest.engine.gregor.mutators.VoidMethodCallMutator,listCoursesForCurrentUser,216,KILLED,edu.ucsb.cs156.frontiers.controllers.CoursesControllerTests.[engine:junit-jupiter]/[class:edu.ucsb.cs156.frontiers.controllers.CoursesControllerTests]/[method:testListCoursesForCurrentUser()]
CoursesController.java,edu.ucsb.cs156.frontiers.controllers.CoursesController,org.pitest.mutationtest.engine.gregor.mutators.returns.EmptyObjectReturnValsMutator,listCoursesForCurrentUser,217,KILLED,edu.ucsb.cs156.frontiers.controllers.CoursesControllerTests.[engine:junit-jupiter]/[class:edu.ucsb.cs156.frontiers.controllers.CoursesControllerTests]/[method:testListCoursesForCurrentUser()]
CoursesController.java,edu.ucsb.cs156.frontiers.controllers.CoursesController,org.pitest.mutationtest.engine.gregor.mutators.returns.NullReturnValsMutator,postCourse,105,KILLED,edu.ucsb.cs156.frontiers.controllers.CoursesControllerTests.[engine:junit-jupiter]/[class:edu.ucsb.cs156.frontiers.controllers.CoursesControllerTests]/[method:testPostCourse()]
CoursesController.java,edu.ucsb.cs156.frontiers.controllers.CoursesController,org.pitest.mutationtest.engine.gregor.mutators.returns.EmptyObjectReturnValsMutator,staffCourses,257,KILLED,edu.ucsb.cs156.frontiers.controllers.CoursesControllerTests.[engine:junit-jupiter]/[class:edu.ucsb.cs156.frontiers.controllers.CoursesControllerTests]/[method:testStudenIsStaffInCourse()]
MembershipAuditJob.java,edu.ucsb.cs156.frontiers.jobs.MembershipAuditJob,org.pitest.mutationtest.engine.gregor.mutators.ConditionalsBoundaryMutator,accept,33,KILLED,edu.ucsb.cs156.frontiers.jobs.MembershipAuditJobTests.[engine:junit-jupiter]/[class:edu.ucsb.cs156.frontiers.jobs.MembershipAuditJobTests]/[method:no_match_on_any_member()]
MembershipAuditJob.java,edu.ucsb.cs156.frontiers.jobs.MembershipAuditJob,org.pitest.mutationtest.engine.gregor.mutators.NegateConditionalsMutator,accept,29,KILLED,edu.ucsb.cs156.frontiers.jobs.MembershipAuditJobTests.[engine:junit-jupiter]/[class:edu.ucsb.cs156.frontiers.jobs.MembershipAuditJobTests]/[method:no_match_on_any_member()]
MembershipAuditJob.java,edu.ucsb.cs156.frontiers.jobs.MembershipAuditJob,org.pitest.mutationtest.engine.gregor.mutators.NegateConditionalsMutator,accept,29,KILLED,edu.ucsb.cs156.frontiers.jobs.MembershipAuditJobTests.[engine:junit-jupiter]/[class:edu.ucsb.cs156.frontiers.jobs.MembershipAuditJobTests]/[method:no_match_on_any_member()]
MembershipAuditJob.java,edu.ucsb.cs156.frontiers.jobs.MembershipAuditJob,org.pitest.mutationtest.engine.gregor.mutators.NegateConditionalsMutator,accept,33,KILLED,edu.ucsb.cs156.frontiers.jobs.MembershipAuditJobTests.[engine:junit-jupiter]/[class:edu.ucsb.cs156.frontiers.jobs.MembershipAuditJobTests]/[method:no_match_on_any_member()]
MembershipAuditJob.java,edu.ucsb.cs156.frontiers.jobs.MembershipAuditJob,org.pitest.mutationtest.engine.gregor.mutators.NegateConditionalsMutator,accept,36,KILLED,edu.ucsb.cs156.frontiers.jobs.MembershipAuditJobTests.[engine:junit-jupiter]/[class:edu.ucsb.cs156.frontiers.jobs.MembershipAuditJobTests]/[method:no_match_on_any_member()]
MembershipAuditJob.java,edu.ucsb.cs156.frontiers.jobs.MembershipAuditJob,org.pitest.mutationtest.engine.gregor.mutators.NegateConditionalsMutator,accept,36,KILLED,edu.ucsb.cs156.frontiers.jobs.MembershipAuditJobTests.[engine:junit-jupiter]/[class:edu.ucsb.cs156.frontiers.jobs.MembershipAuditJobTests]/[method:no_match_on_any_member()]
MembershipAuditJob.java,edu.ucsb.cs156.frontiers.jobs.MembershipAuditJob,org.pitest.mutationtest.engine.gregor.mutators.NegateConditionalsMutator,accept,40,KILLED,edu.ucsb.cs156.frontiers.jobs.MembershipAuditJobTests.[engine:junit-jupiter]/[class:edu.ucsb.cs156.frontiers.jobs.MembershipAuditJobTests]/[method:no_match_on_any_member()]
MembershipAuditJob.java,edu.ucsb.cs156.frontiers.jobs.MembershipAuditJob,org.pitest.mutationtest.engine.gregor.mutators.NegateConditionalsMutator,accept,42,KILLED,edu.ucsb.cs156.frontiers.jobs.MembershipAuditJobTests.[engine:junit-jupiter]/[class:edu.ucsb.cs156.frontiers.jobs.MembershipAuditJobTests]/[method:no_match_on_any_member()]
MembershipAuditJob.java,edu.ucsb.cs156.frontiers.jobs.MembershipAuditJob,org.pitest.mutationtest.engine.gregor.mutators.VoidMethodCallMutator,accept,26,KILLED,edu.ucsb.cs156.frontiers.jobs.MembershipAuditJobTests.[engine:junit-jupiter]/[class:edu.ucsb.cs156.frontiers.jobs.MembershipAuditJobTests]/[method:no_match_on_any_member()]
MembershipAuditJob.java,edu.ucsb.cs156.frontiers.jobs.MembershipAuditJob,org.pitest.mutationtest.engine.gregor.mutators.VoidMethodCallMutator,accept,45,KILLED,edu.ucsb.cs156.frontiers.jobs.MembershipAuditJobTests.[engine:junit-jupiter]/[class:edu.ucsb.cs156.frontiers.jobs.MembershipAuditJobTests]/[method:no_match_on_any_member()]
MembershipAuditJob.java,edu.ucsb.cs156.frontiers.jobs.MembershipAuditJob,org.pitest.mutationtest.engine.gregor.mutators.VoidMethodCallMutator,accept,51,KILLED,edu.ucsb.cs156.frontiers.jobs.MembershipAuditJobTests.[engine:junit-jupiter]/[class:edu.ucsb.cs156.frontiers.jobs.MembershipAuditJobTests]/[method:no_match_on_any_member()]
MembershipAuditJob.java,edu.ucsb.cs156.frontiers.jobs.MembershipAuditJob,org.pitest.mutationtest.engine.gregor.mutators.returns.BooleanFalseReturnValsMutator,lambda$accept$0,37,KILLED,edu.ucsb.cs156.frontiers.jobs.MembershipAuditJobTests.[engine:junit-jupiter]/[class:edu.ucsb.cs156.frontiers.jobs.MembershipAuditJobTests]/[method:match_admin_students_correctly()]
MembershipAuditJob.java,edu.ucsb.cs156.frontiers.jobs.MembershipAuditJob,org.pitest.mutationtest.engine.gregor.mutators.returns.BooleanTrueReturnValsMutator,lambda$accept$0,37,KILLED,edu.ucsb.cs156.frontiers.jobs.MembershipAuditJobTests.[engine:junit-jupiter]/[class:edu.ucsb.cs156.frontiers.jobs.MembershipAuditJobTests]/[method:no_match_on_any_member()]
MembershipAuditJob.java,edu.ucsb.cs156.frontiers.jobs.MembershipAuditJob,org.pitest.mutationtest.engine.gregor.mutators.returns.BooleanFalseReturnValsMutator,lambda$accept$1,38,KILLED,edu.ucsb.cs156.frontiers.jobs.MembershipAuditJobTests.[engine:junit-jupiter]/[class:edu.ucsb.cs156.frontiers.jobs.MembershipAuditJobTests]/[method:match_admin_students_correctly()]
MembershipAuditJob.java,edu.ucsb.cs156.frontiers.jobs.MembershipAuditJob,org.pitest.mutationtest.engine.gregor.mutators.returns.BooleanTrueReturnValsMutator,lambda$accept$1,38,KILLED,edu.ucsb.cs156.frontiers.jobs.MembershipAuditJobTests.[engine:junit-jupiter]/[class:edu.ucsb.cs156.frontiers.jobs.MembershipAuditJobTests]/[method:match_admin_students_correctly()]
OrganizationMemberService.java,edu.ucsb.cs156.frontiers.services.OrganizationMemberService,org.pitest.mutationtest.engine.gregor.mutators.returns.EmptyObjectReturnValsMutator,getOrganizationAdmins,63,KILLED,edu.ucsb.cs156.frontiers.services.OrganizationMemberServiceTests.[engine:junit-jupiter]/[class:edu.ucsb.cs156.frontiers.services.OrganizationMemberServiceTests]/[method:testGetOrganizationAdmins_SinglePage()]
OrganizationMemberService.java,edu.ucsb.cs156.frontiers.services.OrganizationMemberService,org.pitest.mutationtest.engine.gregor.mutators.returns.EmptyObjectReturnValsMutator,getOrganizationMembers,55,KILLED,edu.ucsb.cs156.frontiers.services.OrganizationMemberServiceTests.[engine:junit-jupiter]/[class:edu.ucsb.cs156.frontiers.services.OrganizationMemberServiceTests]/[method:testGetOrganizationMembers_SinglePage()]
OrganizationMemberService.java,edu.ucsb.cs156.frontiers.services.OrganizationMemberService,org.pitest.mutationtest.engine.gregor.mutators.NegateConditionalsMutator,getOrganizationMembersWithRole,78,KILLED,edu.ucsb.cs156.frontiers.services.OrganizationMemberServiceTests.[engine:junit-jupiter]/[class:edu.ucsb.cs156.frontiers.services.OrganizationMemberServiceTests]/[method:testGetOrganizationMembers_SinglePage()]
OrganizationMemberService.java,edu.ucsb.cs156.frontiers.services.OrganizationMemberService,org.pitest.mutationtest.engine.gregor.mutators.NegateConditionalsMutator,getOrganizationMembersWithRole,78,KILLED,edu.ucsb.cs156.frontiers.services.OrganizationMemberServiceTests.[engine:junit-jupiter]/[class:edu.ucsb.cs156.frontiers.services.OrganizationMemberServiceTests]/[method:testGetOrganizationMembers_MultiplePages()]
OrganizationMemberService.java,edu.ucsb.cs156.frontiers.services.OrganizationMemberService,org.pitest.mutationtest.engine.gregor.mutators.VoidMethodCallMutator,getOrganizationMembersWithRole,71,KILLED,edu.ucsb.cs156.frontiers.services.OrganizationMemberServiceTests.[engine:junit-jupiter]/[class:edu.ucsb.cs156.frontiers.services.OrganizationMemberServiceTests]/[method:testGetOrganizationMembers_SinglePage()]
OrganizationMemberService.java,edu.ucsb.cs156.frontiers.services.OrganizationMemberService,org.pitest.mutationtest.engine.gregor.mutators.VoidMethodCallMutator,getOrganizationMembersWithRole,72,KILLED,edu.ucsb.cs156.frontiers.services.OrganizationMemberServiceTests.[engine:junit-jupiter]/[class:edu.ucsb.cs156.frontiers.services.OrganizationMemberServiceTests]/[method:testGetOrganizationMembers_SinglePage()]
OrganizationMemberService.java,edu.ucsb.cs156.frontiers.services.OrganizationMemberService,org.pitest.mutationtest.engine.gregor.mutators.VoidMethodCallMutator,getOrganizationMembersWithRole,73,KILLED,edu.ucsb.cs156.frontiers.services.OrganizationMemberServiceTests.[engine:junit-jupiter]/[class:edu.ucsb.cs156.frontiers.services.OrganizationMemberServiceTests]/[method:testGetOrganizationMembers_SinglePage()]
OrganizationMemberService.java,edu.ucsb.cs156.frontiers.services.OrganizationMemberService,org.pitest.mutationtest.engine.gregor.mutators.returns.EmptyObjectReturnValsMutator,getOrganizationMembersWithRole,88,KILLED,edu.ucsb.cs156.frontiers.services.OrganizationMemberServiceTests.[engine:junit-jupiter]/[class:edu.ucsb.cs156.frontiers.services.OrganizationMemberServiceTests]/[method:testGetOrganizationMembers_SinglePage()]
OrganizationMemberService.java,edu.ucsb.cs156.frontiers.services.OrganizationMemberService,org.pitest.mutationtest.engine.gregor.mutators.VoidMethodCallMutator,inviteMember,100,KILLED,edu.ucsb.cs156.frontiers.services.OrganizationMemberServiceTests.[engine:junit-jupiter]/[class:edu.ucsb.cs156.frontiers.services.OrganizationMemberServiceTests]/[method:testInviteOrganizationMember_Failure()]
OrganizationMemberService.java,edu.ucsb.cs156.frontiers.services.OrganizationMemberService,org.pitest.mutationtest.engine.gregor.mutators.VoidMethodCallMutator,inviteMember,101,KILLED,edu.ucsb.cs156.frontiers.services.OrganizationMemberServiceTests.[engine:junit-jupiter]/[class:edu.ucsb.cs156.frontiers.services.OrganizationMemberServiceTests]/[method:testInviteOrganizationMember_Failure()]
OrganizationMemberService.java,edu.ucsb.cs156.frontiers.services.OrganizationMemberService,org.pitest.mutationtest.engine.gregor.mutators.VoidMethodCallMutator,inviteMember,102,KILLED,edu.ucsb.cs156.frontiers.services.OrganizationMemberServiceTests.[engine:junit-jupiter]/[class:edu.ucsb.cs156.frontiers.services.OrganizationMemberServiceTests]/[method:testInviteOrganizationMember_Failure()]
OrganizationMemberService.java,edu.ucsb.cs156.frontiers.services.OrganizationMemberService,org.pitest.mutationtest.engine.gregor.mutators.returns.NullReturnValsMutator,inviteMember,112,KILLED,edu.ucsb.cs156.frontiers.services.OrganizationMemberServiceTests.[engine:junit-jupiter]/[class:edu.ucsb.cs156.frontiers.services.OrganizationMemberServiceTests]/[method:testInviteOrganizationMember_Failure()]
OrganizationMemberService.java,edu.ucsb.cs156.frontiers.services.OrganizationMemberService,org.pitest.mutationtest.engine.gregor.mutators.returns.NullReturnValsMutator,inviteMember,114,KILLED,edu.ucsb.cs156.frontiers.services.OrganizationMemberServiceTests.[engine:junit-jupiter]/[class:edu.ucsb.cs156.frontiers.services.OrganizationMemberServiceTests]/[method:testInviteOrganizationMember_Success()]
OrganizationMemberService.java,edu.ucsb.cs156.frontiers.services.OrganizationMemberService,org.pitest.mutationtest.engine.gregor.mutators.returns.NullReturnValsMutator,inviteOrganizationMember,93,KILLED,edu.ucsb.cs156.frontiers.services.OrganizationMemberServiceTests.[engine:junit-jupiter]/[class:edu.ucsb.cs156.frontiers.services.OrganizationMemberServiceTests]/[method:testInviteOrganizationMember_Failure()]
JobsController.java,edu.ucsb.cs156.frontiers.controllers.JobsController,org.pitest.mutationtest.engine.gregor.mutators.returns.EmptyObjectReturnValsMutator,allJobs,56,KILLED,edu.ucsb.cs156.frontiers.controllers.JobsControllerDetailedTests.[engine:junit-jupiter]/[class:edu.ucsb.cs156.frontiers.controllers.JobsControllerDetailedTests]/[method:admin_can_get_all_jobs()]
JobsController.java,edu.ucsb.cs156.frontiers.controllers.JobsController,org.pitest.mutationtest.engine.gregor.mutators.VoidMethodCallMutator,deleteAllJobs,63,KILLED,edu.ucsb.cs156.frontiers.controllers.JobsControllerDetailedTests.[engine:junit-jupiter]/[class:edu.ucsb.cs156.frontiers.controllers.JobsControllerDetailedTests]/[method:admin_can_delete_all_jobs()]
JobsController.java,edu.ucsb.cs156.frontiers.controllers.JobsController,org.pitest.mutationtest.engine.gregor.mutators.returns.EmptyObjectReturnValsMutator,deleteAllJobs,64,KILLED,edu.ucsb.cs156.frontiers.controllers.JobsControllerDetailedTests.[engine:junit-jupiter]/[class:edu.ucsb.cs156.frontiers.controllers.JobsControllerDetailedTests]/[method:admin_can_delete_all_jobs()]
JobsController.java,edu.ucsb.cs156.frontiers.controllers.JobsController,org.pitest.mutationtest.engine.gregor.mutators.NegateConditionalsMutator,deleteAllJobs,84,KILLED,edu.ucsb.cs156.frontiers.controllers.JobsControllerDetailedTests.[engine:junit-jupiter]/[class:edu.ucsb.cs156.frontiers.controllers.JobsControllerDetailedTests]/[method:admin_can_delete_specific_job()]
JobsController.java,edu.ucsb.cs156.frontiers.controllers.JobsController,org.pitest.mutationtest.engine.gregor.mutators.VoidMethodCallMutator,deleteAllJobs,87,KILLED,edu.ucsb.cs156.frontiers.controllers.JobsControllerDetailedTests.[engine:junit-jupiter]/[class:edu.ucsb.cs156.frontiers.controllers.JobsControllerDetailedTests]/[method:admin_can_delete_specific_job()]
JobsController.java,edu.ucsb.cs156.frontiers.controllers.JobsController,org.pitest.mutationtest.engine.gregor.mutators.returns.EmptyObjectReturnValsMutator,deleteAllJobs,85,KILLED,edu.ucsb.cs156.frontiers.controllers.JobsControllerDetailedTests.[engine:junit-jupiter]/[class:edu.ucsb.cs156.frontiers.controllers.JobsControllerDetailedTests]/[method:admin_gets_reasonable_error_when_deleting_non_existing_job()]
JobsController.java,edu.ucsb.cs156.frontiers.controllers.JobsController,org.pitest.mutationtest.engine.gregor.mutators.returns.EmptyObjectReturnValsMutator,deleteAllJobs,88,KILLED,edu.ucsb.cs156.frontiers.controllers.JobsControllerDetailedTests.[engine:junit-jupiter]/[class:edu.ucsb.cs156.frontiers.controllers.JobsControllerDetailedTests]/[method:admin_can_delete_specific_job()]
JobsController.java,edu.ucsb.cs156.frontiers.controllers.JobsController,org.pitest.mutationtest.engine.gregor.mutators.returns.NullReturnValsMutator,getJobLogById,77,KILLED,edu.ucsb.cs156.frontiers.controllers.JobsControllerDetailedTests.[engine:junit-jupiter]/[class:edu.ucsb.cs156.frontiers.controllers.JobsControllerDetailedTests]/[method:api_getJobLogById__admin_logged_in__returns_job_by_id()]
JobsController.java,edu.ucsb.cs156.frontiers.controllers.JobsController,org.pitest.mutationtest.engine.gregor.mutators.returns.EmptyObjectReturnValsMutator,getJobLogs,108,KILLED,edu.ucsb.cs156.frontiers.controllers.JobsControllerDetailedTests.[engine:junit-jupiter]/[class:edu.ucsb.cs156.frontiers.controllers.JobsControllerDetailedTests]/[method:test_getJobLogs_admin_can_get_job_log()]
JobsController.java,edu.ucsb.cs156.frontiers.controllers.JobsController,org.pitest.mutationtest.engine.gregor.mutators.returns.NullReturnValsMutator,lambda$getJobLogById$0,75,KILLED,edu.ucsb.cs156.frontiers.controllers.JobsControllerDetailedTests.[engine:junit-jupiter]/[class:edu.ucsb.cs156.frontiers.controllers.JobsControllerDetailedTests]/[method:api_getJobLogById__admin_logged_in__returns_not_found_for_missing_job()]
JobsController.java,edu.ucsb.cs156.frontiers.controllers.JobsController,org.pitest.mutationtest.engine.gregor.mutators.returns.NullReturnValsMutator,launchAuditAllCoursesJob,133,KILLED,edu.ucsb.cs156.frontiers.controllers.JobsControllerJobsTests.[engine:junit-jupiter]/[class:edu.ucsb.cs156.frontiers.controllers.JobsControllerJobsTests]/[method:admin_can_launch_auditAllCourses_job()]
JobsController.java,edu.ucsb.cs156.frontiers.controllers.JobsController,org.pitest.mutationtest.engine.gregor.mutators.returns.NullReturnValsMutator,launchTestJob,99,KILLED,edu.ucsb.cs156.frontiers.controllers.JobsControllerDetailedTests.[engine:junit-jupiter]/[class:edu.ucsb.cs156.frontiers.controllers.JobsControllerDetailedTests]/[method:admin_can_launch_test_job()]
JobsController.java,edu.ucsb.cs156.frontiers.controllers.JobsController,org.pitest.mutationtest.engine.gregor.mutators.returns.NullReturnValsMutator,launchUpdateAllJob,120,KILLED,edu.ucsb.cs156.frontiers.controllers.JobsControllerDetailedTests.[engine:junit-jupiter]/[class:edu.ucsb.cs156.frontiers.controllers.JobsControllerDetailedTests]/[method:admin_can_launch_updateAll_job()]
ApiController.java,edu.ucsb.cs156.frontiers.controllers.ApiController,org.pitest.mutationtest.engine.gregor.mutators.returns.BooleanFalseReturnValsMutator,doesCurrentUserHaveRole,55,KILLED,edu.ucsb.cs156.frontiers.controllers.ApiControllerTests.[engine:junit-jupiter]/[class:edu.ucsb.cs156.frontiers.controllers.ApiControllerTests]/[method:test_doesCurrentUserHaveRole_true()]
ApiController.java,edu.ucsb.cs156.frontiers.controllers.ApiController,org.pitest.mutationtest.engine.gregor.mutators.returns.BooleanTrueReturnValsMutator,doesCurrentUserHaveRole,55,KILLED,edu.ucsb.cs156.frontiers.controllers.ApiControllerTests.[engine:junit-jupiter]/[class:edu.ucsb.cs156.frontiers.controllers.ApiControllerTests]/[method:test_doesCurrentUserHaveRole_false()]
ApiController.java,edu.ucsb.cs156.frontiers.controllers.ApiController,org.pitest.mutationtest.engine.gregor.mutators.returns.NullReturnValsMutator,genericMessage,74,KILLED,edu.ucsb.cs156.frontiers.controllers.ApiControllerTests.[engine:junit-jupiter]/[class:edu.ucsb.cs156.frontiers.controllers.ApiControllerTests]/[method:generic_message_test()]
ApiController.java,edu.ucsb.cs156.frontiers.controllers.ApiController,org.pitest.mutationtest.engine.gregor.mutators.returns.NullReturnValsMutator,getCurrentUser,39,KILLED,edu.ucsb.cs156.frontiers.controllers.ApiControllerTests.[engine:junit-jupiter]/[class:edu.ucsb.cs156.frontiers.controllers.ApiControllerTests]/[method:test_doesCurrentUserHaveRole_false()]
ApiController.java,edu.ucsb.cs156.frontiers.controllers.ApiController,org.pitest.mutationtest.engine.gregor.mutators.returns.NullReturnValsMutator,handleEntityNotFoundException,85,KILLED,edu.ucsb.cs156.frontiers.controllers.ApiControllerTests.[engine:junit-jupiter]/[class:edu.ucsb.cs156.frontiers.controllers.ApiControllerTests]/[method:test_that_dummy_controller_returns_Exception_when_1_is_not_passed()]
ApiController.java,edu.ucsb.cs156.frontiers.controllers.ApiController,org.pitest.mutationtest.engine.gregor.mutators.returns.NullReturnValsMutator,handleNoLinkedOrgException,99,KILLED,edu.ucsb.cs156.frontiers.controllers.ApiControllerTests.[engine:junit-jupiter]/[class:edu.ucsb.cs156.frontiers.controllers.ApiControllerTests]/[method:test_dummy_controller_returns_no_linked_org()]
ApiController.java,edu.ucsb.cs156.frontiers.controllers.ApiController,org.pitest.mutationtest.engine.gregor.mutators.returns.NullReturnValsMutator,handleUnsupportedOperation,112,KILLED,edu.ucsb.cs156.frontiers.controllers.AdminsControllerTests.[engine:junit-jupiter]/[class:edu.ucsb.cs156.frontiers.controllers.AdminsControllerTests]/[method:admin_tries_to_delete_an_ADMIN_EMAIL_and_gets_right_error_message()]
ApiController.java,edu.ucsb.cs156.frontiers.controllers.ApiController,org.pitest.mutationtest.engine.gregor.mutators.returns.BooleanFalseReturnValsMutator,isCurrentUserAdmin,64,KILLED,edu.ucsb.cs156.frontiers.controllers.ApiControllerTests.[engine:junit-jupiter]/[class:edu.ucsb.cs156.frontiers.controllers.ApiControllerTests]/[method:test_doesCurrentUserHaveRole_true()]
ApiController.java,edu.ucsb.cs156.frontiers.controllers.ApiController,org.pitest.mutationtest.engine.gregor.mutators.returns.BooleanTrueReturnValsMutator,isCurrentUserAdmin,64,KILLED,edu.ucsb.cs156.frontiers.controllers.ApiControllerTests.[engine:junit-jupiter]/[class:edu.ucsb.cs156.frontiers.controllers.ApiControllerTests]/[method:test_doesCurrentUserHaveRole_false()]
ApiController.java,edu.ucsb.cs156.frontiers.controllers.ApiController,org.pitest.mutationtest.engine.gregor.mutators.returns.BooleanFalseReturnValsMutator,lambda$doesCurrentUserHaveRole$0,56,KILLED,edu.ucsb.cs156.frontiers.controllers.ApiControllerTests.[engine:junit-jupiter]/[class:edu.ucsb.cs156.frontiers.controllers.ApiControllerTests]/[method:test_doesCurrentUserHaveRole_true()]
ApiController.java,edu.ucsb.cs156.frontiers.controllers.ApiController,org.pitest.mutationtest.engine.gregor.mutators.returns.BooleanTrueReturnValsMutator,lambda$doesCurrentUserHaveRole$0,56,KILLED,edu.ucsb.cs156.frontiers.controllers.ApiControllerTests.[engine:junit-jupiter]/[class:edu.ucsb.cs156.frontiers.controllers.ApiControllerTests]/[method:test_doesCurrentUserHaveRole_false()]
OrganizationLinkerService.java,edu.ucsb.cs156.frontiers.services.OrganizationLinkerService,org.pitest.mutationtest.engine.gregor.mutators.NegateConditionalsMutator,getOrgName,70,KILLED,edu.ucsb.cs156.frontiers.services.OrganizationLinkerServiceTests.[engine:junit-jupiter]/[class:edu.ucsb.cs156.frontiers.services.OrganizationLinkerServiceTests]/[method:testNotAnOrganization()]
OrganizationLinkerService.java,edu.ucsb.cs156.frontiers.services.OrganizationLinkerService,org.pitest.mutationtest.engine.gregor.mutators.VoidMethodCallMutator,getOrgName,63,KILLED,edu.ucsb.cs156.frontiers.services.OrganizationLinkerServiceTests.[engine:junit-jupiter]/[class:edu.ucsb.cs156.frontiers.services.OrganizationLinkerServiceTests]/[method:testNotAnOrganization()]
OrganizationLinkerService.java,edu.ucsb.cs156.frontiers.services.OrganizationLinkerService,org.pitest.mutationtest.engine.gregor.mutators.VoidMethodCallMutator,getOrgName,64,KILLED,edu.ucsb.cs156.frontiers.services.OrganizationLinkerServiceTests.[engine:junit-jupiter]/[class:edu.ucsb.cs156.frontiers.services.OrganizationLinkerServiceTests]/[method:testNotAnOrganization()]
OrganizationLinkerService.java,edu.ucsb.cs156.frontiers.services.OrganizationLinkerService,org.pitest.mutationtest.engine.gregor.mutators.VoidMethodCallMutator,getOrgName,65,KILLED,edu.ucsb.cs156.frontiers.services.OrganizationLinkerServiceTests.[engine:junit-jupiter]/[class:edu.ucsb.cs156.frontiers.services.OrganizationLinkerServiceTests]/[method:testNotAnOrganization()]
OrganizationLinkerService.java,edu.ucsb.cs156.frontiers.services.OrganizationLinkerService,org.pitest.mutationtest.engine.gregor.mutators.returns.EmptyObjectReturnValsMutator,getOrgName,74,KILLED,edu.ucsb.cs156.frontiers.services.OrganizationLinkerServiceTests.[engine:junit-jupiter]/[class:edu.ucsb.cs156.frontiers.services.OrganizationLinkerServiceTests]/[method:testGetOrgName()]
OrganizationLinkerService.java,edu.ucsb.cs156.frontiers.services.OrganizationLinkerService,org.pitest.mutationtest.engine.gregor.mutators.VoidMethodCallMutator,getRedirectUrl,40,KILLED,edu.ucsb.cs156.frontiers.services.OrganizationLinkerServiceTests.[engine:junit-jupiter]/[class:edu.ucsb.cs156.frontiers.services.OrganizationLinkerServiceTests]/[method:testRedirectUrl()]
OrganizationLinkerService.java,edu.ucsb.cs156.frontiers.services.OrganizationLinkerService,org.pitest.mutationtest.engine.gregor.mutators.VoidMethodCallMutator,getRedirectUrl,41,KILLED,edu.ucsb.cs156.frontiers.services.OrganizationLinkerServiceTests.[engine:junit-jupiter]/[class:edu.ucsb.cs156.frontiers.services.OrganizationLinkerServiceTests]/[method:testRedirectUrl()]
OrganizationLinkerService.java,edu.ucsb.cs156.frontiers.services.OrganizationLinkerService,org.pitest.mutationtest.engine.gregor.mutators.VoidMethodCallMutator,getRedirectUrl,42,KILLED,edu.ucsb.cs156.frontiers.services.OrganizationLinkerServiceTests.[engine:junit-jupiter]/[class:edu.ucsb.cs156.frontiers.services.OrganizationLinkerServiceTests]/[method:testRedirectUrl()]
OrganizationLinkerService.java,edu.ucsb.cs156.frontiers.services.OrganizationLinkerService,org.pitest.mutationtest.engine.gregor.mutators.returns.EmptyObjectReturnValsMutator,getRedirectUrl,50,KILLED,edu.ucsb.cs156.frontiers.services.OrganizationLinkerServiceTests.[engine:junit-jupiter]/[class:edu.ucsb.cs156.frontiers.services.OrganizationLinkerServiceTests]/[method:testRedirectUrl()]
JwtService.java,edu.ucsb.cs156.frontiers.services.JwtService,org.pitest.mutationtest.engine.gregor.mutators.NegateConditionalsMutator,getInstallationToken,84,KILLED,edu.ucsb.cs156.frontiers.services.JwtServiceTests.[engine:junit-jupiter]/[class:edu.ucsb.cs156.frontiers.services.JwtServiceTests]/[method:testGetInstallationToken_throwsNoLinkedOrganizationException_whenOrgNameIsNull()]
JwtService.java,edu.ucsb.cs156.frontiers.services.JwtService,org.pitest.mutationtest.engine.gregor.mutators.NegateConditionalsMutator,getInstallationToken,84,KILLED,edu.ucsb.cs156.frontiers.services.JwtServiceTests.[engine:junit-jupiter]/[class:edu.ucsb.cs156.frontiers.services.JwtServiceTests]/[method:testGetInstallationToken_throwsNoLinkedOrganizationException_whenInstallationIdIsNull()]
JwtService.java,edu.ucsb.cs156.frontiers.services.JwtService,org.pitest.mutationtest.engine.gregor.mutators.VoidMethodCallMutator,getInstallationToken,90,KILLED,edu.ucsb.cs156.frontiers.services.JwtServiceTests.[engine:junit-jupiter]/[class:edu.ucsb.cs156.frontiers.services.JwtServiceTests]/[method:testObtainingInstallationToken()]
JwtService.java,edu.ucsb.cs156.frontiers.services.JwtService,org.pitest.mutationtest.engine.gregor.mutators.VoidMethodCallMutator,getInstallationToken,91,KILLED,edu.ucsb.cs156.frontiers.services.JwtServiceTests.[engine:junit-jupiter]/[class:edu.ucsb.cs156.frontiers.services.JwtServiceTests]/[method:testObtainingInstallationToken()]
JwtService.java,edu.ucsb.cs156.frontiers.services.JwtService,org.pitest.mutationtest.engine.gregor.mutators.VoidMethodCallMutator,getInstallationToken,92,KILLED,edu.ucsb.cs156.frontiers.services.JwtServiceTests.[engine:junit-jupiter]/[class:edu.ucsb.cs156.frontiers.services.JwtServiceTests]/[method:testObtainingInstallationToken()]
JwtService.java,edu.ucsb.cs156.frontiers.services.JwtService,org.pitest.mutationtest.engine.gregor.mutators.returns.EmptyObjectReturnValsMutator,getInstallationToken,97,KILLED,edu.ucsb.cs156.frontiers.services.JwtServiceTests.[engine:junit-jupiter]/[class:edu.ucsb.cs156.frontiers.services.JwtServiceTests]/[method:testObtainingInstallationToken()]
JwtService.java,edu.ucsb.cs156.frontiers.services.JwtService,org.pitest.mutationtest.engine.gregor.mutators.returns.EmptyObjectReturnValsMutator,getJwt,74,KILLED,edu.ucsb.cs156.frontiers.services.JwtServiceTests.[engine:junit-jupiter]/[class:edu.ucsb.cs156.frontiers.services.JwtServiceTests]/[method:testGettingJwt()]
JwtService.java,edu.ucsb.cs156.frontiers.services.JwtService,org.pitest.mutationtest.engine.gregor.mutators.returns.NullReturnValsMutator,getPrivateKey,58,KILLED,edu.ucsb.cs156.frontiers.services.JwtServiceTests.[engine:junit-jupiter]/[class:edu.ucsb.cs156.frontiers.services.JwtServiceTests]/[method:testObtainingInstallationToken()]
RepositoryService.java,edu.ucsb.cs156.frontiers.services.RepositoryService,org.pitest.mutationtest.engine.gregor.mutators.NegateConditionalsMutator,createStudentRepository,53,KILLED,edu.ucsb.cs156.frontiers.services.RepositoryServiceTests.[engine:junit-jupiter]/[class:edu.ucsb.cs156.frontiers.services.RepositoryServiceTests]/[method:exits_if_not_not_found()]
RepositoryService.java,edu.ucsb.cs156.frontiers.services.RepositoryService,org.pitest.mutationtest.engine.gregor.mutators.VoidMethodCallMutator,createStudentRepository,44,KILLED,edu.ucsb.cs156.frontiers.services.RepositoryServiceTests.[engine:junit-jupiter]/[class:edu.ucsb.cs156.frontiers.services.RepositoryServiceTests]/[method:exits_if_not_not_found()]
RepositoryService.java,edu.ucsb.cs156.frontiers.services.RepositoryService,org.pitest.mutationtest.engine.gregor.mutators.VoidMethodCallMutator,createStudentRepository,45,KILLED,edu.ucsb.cs156.frontiers.services.RepositoryServiceTests.[engine:junit-jupiter]/[class:edu.ucsb.cs156.frontiers.services.RepositoryServiceTests]/[method:exits_if_not_not_found()]
RepositoryService.java,edu.ucsb.cs156.frontiers.services.RepositoryService,org.pitest.mutationtest.engine.gregor.mutators.VoidMethodCallMutator,createStudentRepository,46,KILLED,edu.ucsb.cs156.frontiers.services.RepositoryServiceTests.[engine:junit-jupiter]/[class:edu.ucsb.cs156.frontiers.services.RepositoryServiceTests]/[method:exits_if_not_not_found()]
RepositoryService.java,edu.ucsb.cs156.frontiers.services.RepositoryService,org.pitest.mutationtest.engine.gregor.mutators.VoidMethodCallMutator,createStudentRepository,55,KILLED,edu.ucsb.cs156.frontiers.services.RepositoryServiceTests.[engine:junit-jupiter]/[class:edu.ucsb.cs156.frontiers.services.RepositoryServiceTests]/[method:successfully_creates_repo_private()]
RepositoryService.java,edu.ucsb.cs156.frontiers.services.RepositoryService,org.pitest.mutationtest.engine.gregor.mutators.VoidMethodCallMutator,createStudentRepository,56,KILLED,edu.ucsb.cs156.frontiers.services.RepositoryServiceTests.[engine:junit-jupiter]/[class:edu.ucsb.cs156.frontiers.services.RepositoryServiceTests]/[method:successfully_creates_repo_private()]
RepositoryService.java,edu.ucsb.cs156.frontiers.services.RepositoryService,org.pitest.mutationtest.engine.gregor.mutators.VoidMethodCallMutator,createStudentRepository,57,KILLED,edu.ucsb.cs156.frontiers.services.RepositoryServiceTests.[engine:junit-jupiter]/[class:edu.ucsb.cs156.frontiers.services.RepositoryServiceTests]/[method:successfully_creates_repo_private()]
JobService.java,edu.ucsb.cs156.frontiers.services.jobs.JobService,org.pitest.mutationtest.engine.gregor.mutators.NegateConditionalsMutator,getJobLogs,52,KILLED,edu.ucsb.cs156.frontiers.services.JobLogsServiceTests.[engine:junit-jupiter]/[class:edu.ucsb.cs156.frontiers.services.JobLogsServiceTests]/[method:test_getJobLogs_with_null_log()]
JobService.java,edu.ucsb.cs156.frontiers.services.jobs.JobService,org.pitest.mutationtest.engine.gregor.mutators.returns.NullReturnValsMutator,lambda$getJobLogs$0,49,KILLED,edu.ucsb.cs156.frontiers.services.JobLogsServiceTests.[engine:junit-jupiter]/[class:edu.ucsb.cs156.frontiers.services.JobLogsServiceTests]/[method:test_getJobLogs_job_not_found()]
JobService.java,edu.ucsb.cs156.frontiers.services.jobs.JobService,org.pitest.mutationtest.engine.gregor.mutators.VoidMethodCallMutator,runAsJob,24,KILLED,edu.ucsb.cs156.frontiers.controllers.JobsControllerDetailedTests.[engine:junit-jupiter]/[class:edu.ucsb.cs156.frontiers.controllers.JobsControllerDetailedTests]/[method:admin_can_launch_test_job()]
JobService.java,edu.ucsb.cs156.frontiers.services.jobs.JobService,org.pitest.mutationtest.engine.gregor.mutators.returns.NullReturnValsMutator,runAsJob,26,KILLED,edu.ucsb.cs156.frontiers.controllers.JobsControllerDetailedTests.[engine:junit-jupiter]/[class:edu.ucsb.cs156.frontiers.controllers.JobsControllerDetailedTests]/[method:admin_can_launch_updateAll_job()]
JobService.java,edu.ucsb.cs156.frontiers.services.jobs.JobService,org.pitest.mutationtest.engine.gregor.mutators.VoidMethodCallMutator,runJobAsync,34,KILLED,edu.ucsb.cs156.frontiers.controllers.JobsControllerDetailedTests.[engine:junit-jupiter]/[class:edu.ucsb.cs156.frontiers.controllers.JobsControllerDetailedTests]/[method:admin_can_launch_test_job()]
JobService.java,edu.ucsb.cs156.frontiers.services.jobs.JobService,org.pitest.mutationtest.engine.gregor.mutators.VoidMethodCallMutator,runJobAsync,36,TIMED_OUT,none
JobService.java,edu.ucsb.cs156.frontiers.services.jobs.JobService,org.pitest.mutationtest.engine.gregor.mutators.VoidMethodCallMutator,runJobAsync,41,TIMED_OUT,none
AdminsController.java,edu.ucsb.cs156.frontiers.controllers.AdminsController,org.pitest.mutationtest.engine.gregor.mutators.returns.EmptyObjectReturnValsMutator,allAdmins,79,KILLED,edu.ucsb.cs156.frontiers.controllers.AdminsControllerTests.[engine:junit-jupiter]/[class:edu.ucsb.cs156.frontiers.controllers.AdminsControllerTests]/[method:logged_in_admin_can_get_all_admins()]
AdminsController.java,edu.ucsb.cs156.frontiers.controllers.AdminsController,org.pitest.mutationtest.engine.gregor.mutators.NegateConditionalsMutator,deleteAdmin,98,KILLED,edu.ucsb.cs156.frontiers.controllers.AdminsControllerTests.[engine:junit-jupiter]/[class:edu.ucsb.cs156.frontiers.controllers.AdminsControllerTests]/[method:admin_tries_to_delete_an_ADMIN_EMAIL_and_gets_right_error_message()]
AdminsController.java,edu.ucsb.cs156.frontiers.controllers.AdminsController,org.pitest.mutationtest.engine.gregor.mutators.VoidMethodCallMutator,deleteAdmin,101,KILLED,edu.ucsb.cs156.frontiers.controllers.AdminsControllerTests.[engine:junit-jupiter]/[class:edu.ucsb.cs156.frontiers.controllers.AdminsControllerTests]/[method:admin_can_delete_an_admin()]
AdminsController.java,edu.ucsb.cs156.frontiers.controllers.AdminsController,org.pitest.mutationtest.engine.gregor.mutators.returns.NullReturnValsMutator,deleteAdmin,102,KILLED,edu.ucsb.cs156.frontiers.controllers.AdminsControllerTests.[engine:junit-jupiter]/[class:edu.ucsb.cs156.frontiers.controllers.AdminsControllerTests]/[method:admin_can_delete_an_admin()]
AdminsController.java,edu.ucsb.cs156.frontiers.controllers.AdminsController,org.pitest.mutationtest.engine.gregor.mutators.returns.NullReturnValsMutator,lambda$deleteAdmin$0,97,KILLED,edu.ucsb.cs156.frontiers.controllers.AdminsControllerTests.[engine:junit-jupiter]/[class:edu.ucsb.cs156.frontiers.controllers.AdminsControllerTests]/[method:admin_tries_to_delete_non_existant_admin_and_gets_right_error_message()]
AdminsController.java,edu.ucsb.cs156.frontiers.controllers.AdminsController,org.pitest.mutationtest.engine.gregor.mutators.returns.NullReturnValsMutator,postAdmin,66,KILLED,edu.ucsb.cs156.frontiers.controllers.AdminsControllerTests.[engine:junit-jupiter]/[class:edu.ucsb.cs156.frontiers.controllers.AdminsControllerTests]/[method:an_admin_user_can_post_a_new_admin()]
InstructorsController.java,edu.ucsb.cs156.frontiers.controllers.InstructorsController,org.pitest.mutationtest.engine.gregor.mutators.returns.EmptyObjectReturnValsMutator,allInstructors,67,KILLED,edu.ucsb.cs156.frontiers.controllers.InstructorsControllerTests.[engine:junit-jupiter]/[class:edu.ucsb.cs156.frontiers.controllers.InstructorsControllerTests]/[method:logged_in_admins_can_get()]
InstructorsController.java,edu.ucsb.cs156.frontiers.controllers.InstructorsController,org.pitest.mutationtest.engine.gregor.mutators.NegateConditionalsMutator,deleteInstructor,80,KILLED,edu.ucsb.cs156.frontiers.controllers.InstructorsControllerTests.[engine:junit-jupiter]/[class:edu.ucsb.cs156.frontiers.controllers.InstructorsControllerTests]/[method:admin_try_to_delete_a_instructor_not_found()]
InstructorsController.java,edu.ucsb.cs156.frontiers.controllers.InstructorsController,org.pitest.mutationtest.engine.gregor.mutators.VoidMethodCallMutator,deleteInstructor,85,KILLED,edu.ucsb.cs156.frontiers.controllers.InstructorsControllerTests.[engine:junit-jupiter]/[class:edu.ucsb.cs156.frontiers.controllers.InstructorsControllerTests]/[method:logged_in_admins_can_delete()]
InstructorsController.java,edu.ucsb.cs156.frontiers.controllers.InstructorsController,org.pitest.mutationtest.engine.gregor.mutators.returns.NullReturnValsMutator,deleteInstructor,81,KILLED,edu.ucsb.cs156.frontiers.controllers.InstructorsControllerTests.[engine:junit-jupiter]/[class:edu.ucsb.cs156.frontiers.controllers.InstructorsControllerTests]/[method:admin_try_to_delete_a_instructor_not_found()]
InstructorsController.java,edu.ucsb.cs156.frontiers.controllers.InstructorsController,org.pitest.mutationtest.engine.gregor.mutators.returns.NullReturnValsMutator,deleteInstructor,86,KILLED,edu.ucsb.cs156.frontiers.controllers.InstructorsControllerTests.[engine:junit-jupiter]/[class:edu.ucsb.cs156.frontiers.controllers.InstructorsControllerTests]/[method:logged_in_admins_can_delete()]
InstructorsController.java,edu.ucsb.cs156.frontiers.controllers.InstructorsController,org.pitest.mutationtest.engine.gregor.mutators.returns.NullReturnValsMutator,postInstructor,54,KILLED,edu.ucsb.cs156.frontiers.controllers.InstructorsControllerTests.[engine:junit-jupiter]/[class:edu.ucsb.cs156.frontiers.controllers.InstructorsControllerTests]/[method:logged_in_admins_can_post()]
UpdateUserService.java,edu.ucsb.cs156.frontiers.services.UpdateUserService,org.pitest.mutationtest.engine.gregor.mutators.ConditionalsBoundaryMutator,attachRosterStudents,30,KILLED,edu.ucsb.cs156.frontiers.services.UpdateUserServiceTests.[engine:junit-jupiter]/[class:edu.ucsb.cs156.frontiers.services.UpdateUserServiceTests]/[method:testAttachRosterStudents()]
UpdateUserService.java,edu.ucsb.cs156.frontiers.services.UpdateUserService,org.pitest.mutationtest.engine.gregor.mutators.NegateConditionalsMutator,attachRosterStudents,30,KILLED,edu.ucsb.cs156.frontiers.services.UpdateUserServiceTests.[engine:junit-jupiter]/[class:edu.ucsb.cs156.frontiers.services.UpdateUserServiceTests]/[method:testAttachRosterStudents()]
UpdateUserService.java,edu.ucsb.cs156.frontiers.services.UpdateUserService,org.pitest.mutationtest.engine.gregor.mutators.VoidMethodCallMutator,attachRosterStudents,32,KILLED,edu.ucsb.cs156.frontiers.services.UpdateUserServiceTests.[engine:junit-jupiter]/[class:edu.ucsb.cs156.frontiers.services.UpdateUserServiceTests]/[method:testAttachRosterStudents()]
UpdateUserService.java,edu.ucsb.cs156.frontiers.services.UpdateUserService,org.pitest.mutationtest.engine.gregor.mutators.VoidMethodCallMutator,attachRosterStudentsAllUsers,42,KILLED,edu.ucsb.cs156.frontiers.services.UpdateUserServiceTests.[engine:junit-jupiter]/[class:edu.ucsb.cs156.frontiers.services.UpdateUserServiceTests]/[method:testAttachRosterStudentsAllUsers()]
UpdateUserService.java,edu.ucsb.cs156.frontiers.services.UpdateUserService,org.pitest.mutationtest.engine.gregor.mutators.NegateConditionalsMutator,attachUserToRosterStudent,52,KILLED,edu.ucsb.cs156.frontiers.services.UpdateUserServiceTests.[engine:junit-jupiter]/[class:edu.ucsb.cs156.frontiers.services.UpdateUserServiceTests]/[method:testAttachUserToRosterStudent_userDoesNotExist()]
UpdateUserService.java,edu.ucsb.cs156.frontiers.services.UpdateUserService,org.pitest.mutationtest.engine.gregor.mutators.VoidMethodCallMutator,attachUserToRosterStudent,54,KILLED,edu.ucsb.cs156.frontiers.services.UpdateUserServiceTests.[engine:junit-jupiter]/[class:edu.ucsb.cs156.frontiers.services.UpdateUserServiceTests]/[method:testAttachUserToRosterStudent_userExists()]
RepositoryController.java,edu.ucsb.cs156.frontiers.controllers.RepositoryController,org.pitest.mutationtest.engine.gregor.mutators.NegateConditionalsMutator,createRepos,51,KILLED,edu.ucsb.cs156.frontiers.controllers.RepositoryControllerTests.[engine:junit-jupiter]/[class:edu.ucsb.cs156.frontiers.controllers.RepositoryControllerTests]/[method:not_the_creator()]
RepositoryController.java,edu.ucsb.cs156.frontiers.controllers.RepositoryController,org.pitest.mutationtest.engine.gregor.mutators.NegateConditionalsMutator,createRepos,52,KILLED,edu.ucsb.cs156.frontiers.controllers.RepositoryControllerTests.[engine:junit-jupiter]/[class:edu.ucsb.cs156.frontiers.controllers.RepositoryControllerTests]/[method:job_actually_fires()]
RepositoryController.java,edu.ucsb.cs156.frontiers.controllers.RepositoryController,org.pitest.mutationtest.engine.gregor.mutators.NegateConditionalsMutator,createRepos,52,KILLED,edu.ucsb.cs156.frontiers.controllers.RepositoryControllerTests.[engine:junit-jupiter]/[class:edu.ucsb.cs156.frontiers.controllers.RepositoryControllerTests]/[method:just_no_install_id()]
RepositoryController.java,edu.ucsb.cs156.frontiers.controllers.RepositoryController,org.pitest.mutationtest.engine.gregor.mutators.returns.NullReturnValsMutator,createRepos,61,KILLED,edu.ucsb.cs156.frontiers.controllers.RepositoryControllerTests.[engine:junit-jupiter]/[class:edu.ucsb.cs156.frontiers.controllers.RepositoryControllerTests]/[method:job_actually_fires()]
RepositoryController.java,edu.ucsb.cs156.frontiers.controllers.RepositoryController,org.pitest.mutationtest.engine.gregor.mutators.returns.NullReturnValsMutator,lambda$createRepos$0,50,KILLED,edu.ucsb.cs156.frontiers.controllers.RepositoryControllerTests.[engine:junit-jupiter]/[class:edu.ucsb.cs156.frontiers.controllers.RepositoryControllerTests]/[method:notFound()]
CreateStudentRepositoriesJob.java,edu.ucsb.cs156.frontiers.jobs.CreateStudentRepositoriesJob,org.pitest.mutationtest.engine.gregor.mutators.NegateConditionalsMutator,accept,22,KILLED,edu.ucsb.cs156.frontiers.jobs.CreateStudentRepositoriesJobTest.[engine:junit-jupiter]/[class:edu.ucsb.cs156.frontiers.jobs.CreateStudentRepositoriesJobTest]/[method:testCreateStudentRepository_public()]
CreateStudentRepositoriesJob.java,edu.ucsb.cs156.frontiers.jobs.CreateStudentRepositoriesJob,org.pitest.mutationtest.engine.gregor.mutators.NegateConditionalsMutator,accept,22,KILLED,edu.ucsb.cs156.frontiers.jobs.CreateStudentRepositoriesJobTest.[engine:junit-jupiter]/[class:edu.ucsb.cs156.frontiers.jobs.CreateStudentRepositoriesJobTest]/[method:expectDoesntCallForNotMember()]
CreateStudentRepositoriesJob.java,edu.ucsb.cs156.frontiers.jobs.CreateStudentRepositoriesJob,org.pitest.mutationtest.engine.gregor.mutators.VoidMethodCallMutator,accept,20,KILLED,edu.ucsb.cs156.frontiers.jobs.CreateStudentRepositoriesJobTest.[engine:junit-jupiter]/[class:edu.ucsb.cs156.frontiers.jobs.CreateStudentRepositoriesJobTest]/[method:expectDoesntCallForNotMember()]
CreateStudentRepositoriesJob.java,edu.ucsb.cs156.frontiers.jobs.CreateStudentRepositoriesJob,org.pitest.mutationtest.engine.gregor.mutators.VoidMethodCallMutator,accept,23,KILLED,edu.ucsb.cs156.frontiers.jobs.CreateStudentRepositoriesJobTest.[engine:junit-jupiter]/[class:edu.ucsb.cs156.frontiers.jobs.CreateStudentRepositoriesJobTest]/[method:testCreateStudentRepository_public()]
CreateStudentRepositoriesJob.java,edu.ucsb.cs156.frontiers.jobs.CreateStudentRepositoriesJob,org.pitest.mutationtest.engine.gregor.mutators.VoidMethodCallMutator,accept,26,KILLED,edu.ucsb.cs156.frontiers.jobs.CreateStudentRepositoriesJobTest.[engine:junit-jupiter]/[class:edu.ucsb.cs156.frontiers.jobs.CreateStudentRepositoriesJobTest]/[method:expectDoesntCallForNotMember()]
UserDataDTOService.java,edu.ucsb.cs156.frontiers.services.UserDataDTOService,org.pitest.mutationtest.engine.gregor.mutators.returns.EmptyObjectReturnValsMutator,getUserDataDTOs,40,KILLED,edu.ucsb.cs156.frontiers.services.UserDataDTOServiceTests.[engine:junit-jupiter]/[class:edu.ucsb.cs156.frontiers.services.UserDataDTOServiceTests]/[method:service_properly_translates_user_data_to_dto()]
UserDataDTOService.java,edu.ucsb.cs156.frontiers.services.UserDataDTOService,org.pitest.mutationtest.engine.gregor.mutators.returns.BooleanFalseReturnValsMutator,lambda$getUserDataDTOs$0,36,KILLED,edu.ucsb.cs156.frontiers.services.UserDataDTOServiceTests.[engine:junit-jupiter]/[class:edu.ucsb.cs156.frontiers.services.UserDataDTOServiceTests]/[method:service_properly_translates_user_data_to_dto()]
UserDataDTOService.java,edu.ucsb.cs156.frontiers.services.UserDataDTOService,org.pitest.mutationtest.engine.gregor.mutators.returns.BooleanTrueReturnValsMutator,lambda$getUserDataDTOs$0,36,KILLED,edu.ucsb.cs156.frontiers.services.UserDataDTOServiceTests.[engine:junit-jupiter]/[class:edu.ucsb.cs156.frontiers.services.UserDataDTOServiceTests]/[method:service_properly_translates_user_data_to_dto()]
UserDataDTOService.java,edu.ucsb.cs156.frontiers.services.UserDataDTOService,org.pitest.mutationtest.engine.gregor.mutators.returns.BooleanFalseReturnValsMutator,lambda$getUserDataDTOs$1,37,KILLED,edu.ucsb.cs156.frontiers.services.UserDataDTOServiceTests.[engine:junit-jupiter]/[class:edu.ucsb.cs156.frontiers.services.UserDataDTOServiceTests]/[method:service_properly_translates_user_data_to_dto()]
UserDataDTOService.java,edu.ucsb.cs156.frontiers.services.UserDataDTOService,org.pitest.mutationtest.engine.gregor.mutators.returns.BooleanTrueReturnValsMutator,lambda$getUserDataDTOs$1,37,KILLED,edu.ucsb.cs156.frontiers.services.UserDataDTOServiceTests.[engine:junit-jupiter]/[class:edu.ucsb.cs156.frontiers.services.UserDataDTOServiceTests]/[method:service_properly_translates_user_data_to_dto()]
TestJob.java,edu.ucsb.cs156.frontiers.jobs.TestJob,org.pitest.mutationtest.engine.gregor.mutators.NegateConditionalsMutator,accept,23,TIMED_OUT,none
TestJob.java,edu.ucsb.cs156.frontiers.jobs.TestJob,org.pitest.mutationtest.engine.gregor.mutators.VoidMethodCallMutator,accept,21,KILLED,edu.ucsb.cs156.frontiers.controllers.JobsControllerDetailedTests.[engine:junit-jupiter]/[class:edu.ucsb.cs156.frontiers.controllers.JobsControllerDetailedTests]/[method:admin_can_launch_test_job()]
TestJob.java,edu.ucsb.cs156.frontiers.jobs.TestJob,org.pitest.mutationtest.engine.gregor.mutators.VoidMethodCallMutator,accept,22,KILLED,edu.ucsb.cs156.frontiers.controllers.JobsControllerDetailedTests.[engine:junit-jupiter]/[class:edu.ucsb.cs156.frontiers.controllers.JobsControllerDetailedTests]/[method:admin_can_launch_test_job()]
TestJob.java,edu.ucsb.cs156.frontiers.jobs.TestJob,org.pitest.mutationtest.engine.gregor.mutators.VoidMethodCallMutator,accept,26,TIMED_OUT,none
UpdateOrgMembershipJob.java,edu.ucsb.cs156.frontiers.jobs.UpdateOrgMembershipJob,org.pitest.mutationtest.engine.gregor.mutators.NegateConditionalsMutator,accept,29,KILLED,edu.ucsb.cs156.frontiers.jobs.UpdateOrgMembershipJobTests.[engine:junit-jupiter]/[class:edu.ucsb.cs156.frontiers.jobs.UpdateOrgMembershipJobTests]/[method:no_roster_student()]
UpdateOrgMembershipJob.java,edu.ucsb.cs156.frontiers.jobs.UpdateOrgMembershipJob,org.pitest.mutationtest.engine.gregor.mutators.VoidMethodCallMutator,accept,25,KILLED,edu.ucsb.cs156.frontiers.jobs.UpdateOrgMembershipJobTests.[engine:junit-jupiter]/[class:edu.ucsb.cs156.frontiers.jobs.UpdateOrgMembershipJobTests]/[method:no_roster_student()]
UpdateOrgMembershipJob.java,edu.ucsb.cs156.frontiers.jobs.UpdateOrgMembershipJob,org.pitest.mutationtest.engine.gregor.mutators.VoidMethodCallMutator,accept,31,KILLED,edu.ucsb.cs156.frontiers.jobs.UpdateOrgMembershipJobTests.[engine:junit-jupiter]/[class:edu.ucsb.cs156.frontiers.jobs.UpdateOrgMembershipJobTests]/[method:match_students_correctly()]
UpdateOrgMembershipJob.java,edu.ucsb.cs156.frontiers.jobs.UpdateOrgMembershipJob,org.pitest.mutationtest.engine.gregor.mutators.VoidMethodCallMutator,accept,35,KILLED,edu.ucsb.cs156.frontiers.jobs.UpdateOrgMembershipJobTests.[engine:junit-jupiter]/[class:edu.ucsb.cs156.frontiers.jobs.UpdateOrgMembershipJobTests]/[method:no_roster_student()]
SystemInfoServiceImpl.java,edu.ucsb.cs156.frontiers.services.SystemInfoServiceImpl,org.pitest.mutationtest.engine.gregor.mutators.returns.NullReturnValsMutator,getSystemInfo,62,KILLED,edu.ucsb.cs156.frontiers.services.SystemInfoServiceImplTests.[engine:junit-jupiter]/[class:edu.ucsb.cs156.frontiers.services.SystemInfoServiceImplTests]/[method:test_getSystemInfo()]
SystemInfoServiceImpl.java,edu.ucsb.cs156.frontiers.services.SystemInfoServiceImpl,org.pitest.mutationtest.engine.gregor.mutators.NegateConditionalsMutator,githubUrl,42,KILLED,edu.ucsb.cs156.frontiers.services.SystemInfoServiceImplTests.[engine:junit-jupiter]/[class:edu.ucsb.cs156.frontiers.services.SystemInfoServiceImplTests]/[method:test_githubUrl()]
SystemInfoServiceImpl.java,edu.ucsb.cs156.frontiers.services.SystemInfoServiceImpl,org.pitest.mutationtest.engine.gregor.mutators.NegateConditionalsMutator,githubUrl,42,KILLED,edu.ucsb.cs156.frontiers.services.SystemInfoServiceImplTests.[engine:junit-jupiter]/[class:edu.ucsb.cs156.frontiers.services.SystemInfoServiceImplTests]/[method:test_githubUrl()]
SystemInfoServiceImpl.java,edu.ucsb.cs156.frontiers.services.SystemInfoServiceImpl,org.pitest.mutationtest.engine.gregor.mutators.returns.EmptyObjectReturnValsMutator,githubUrl,42,KILLED,edu.ucsb.cs156.frontiers.services.SystemInfoServiceImplTests.[engine:junit-jupiter]/[class:edu.ucsb.cs156.frontiers.services.SystemInfoServiceImplTests]/[method:test_githubUrl()]
CourseStaffController.java,edu.ucsb.cs156.frontiers.controllers.CourseStaffController,org.pitest.mutationtest.engine.gregor.mutators.returns.EmptyObjectReturnValsMutator,courseStaffForCourse,112,KILLED,edu.ucsb.cs156.frontiers.controllers.CourseStaffControllerTests.[engine:junit-jupiter]/[class:edu.ucsb.cs156.frontiers.controllers.CourseStaffControllerTests]/[method:testCourseStaffByCourse()]
CourseStaffController.java,edu.ucsb.cs156.frontiers.controllers.CourseStaffController,org.pitest.mutationtest.engine.gregor.mutators.returns.NullReturnValsMutator,lambda$courseStaffForCourse$1,110,KILLED,edu.ucsb.cs156.frontiers.controllers.CourseStaffControllerTests.[engine:junit-jupiter]/[class:edu.ucsb.cs156.frontiers.controllers.CourseStaffControllerTests]/[method:admin_can_get_course_staff_for_a_non_existing_course()]
CourseStaffController.java,edu.ucsb.cs156.frontiers.controllers.CourseStaffController,org.pitest.mutationtest.engine.gregor.mutators.returns.NullReturnValsMutator,lambda$postCourseStaff$0,87,KILLED,edu.ucsb.cs156.frontiers.controllers.CourseStaffControllerTests.[engine:junit-jupiter]/[class:edu.ucsb.cs156.frontiers.controllers.CourseStaffControllerTests]/[method:test_AdminCannotPostCourseStaffForCourseThatDoesNotExist()]
CourseStaffController.java,edu.ucsb.cs156.frontiers.controllers.CourseStaffController,org.pitest.mutationtest.engine.gregor.mutators.returns.NullReturnValsMutator,postCourseStaff,97,KILLED,edu.ucsb.cs156.frontiers.controllers.CourseStaffControllerTests.[engine:junit-jupiter]/[class:edu.ucsb.cs156.frontiers.controllers.CourseStaffControllerTests]/[method:testPostCourseStaff()]
CSVDownloadsController.java,edu.ucsb.cs156.frontiers.controllers.CSVDownloadsController,org.pitest.mutationtest.engine.gregor.mutators.returns.NullReturnValsMutator,csvForQuarter,73,KILLED,edu.ucsb.cs156.frontiers.controllers.CSVDownloadsControllerTests.[engine:junit-jupiter]/[class:edu.ucsb.cs156.frontiers.controllers.CSVDownloadsControllerTests]/[method:test_csv_exception()]
CSVDownloadsController.java,edu.ucsb.cs156.frontiers.controllers.CSVDownloadsController,org.pitest.mutationtest.engine.gregor.mutators.returns.NullReturnValsMutator,lambda$csvForQuarter$0,58,KILLED,edu.ucsb.cs156.frontiers.controllers.CSVDownloadsControllerTests.[engine:junit-jupiter]/[class:edu.ucsb.cs156.frontiers.controllers.CSVDownloadsControllerTests]/[method:test_no_such_course()]
CSVDownloadsController.java,edu.ucsb.cs156.frontiers.controllers.CSVDownloadsController,org.pitest.mutationtest.engine.gregor.mutators.VoidMethodCallMutator,lambda$csvForQuarter$1,65,KILLED,edu.ucsb.cs156.frontiers.controllers.CSVDownloadsControllerTests.[engine:junit-jupiter]/[class:edu.ucsb.cs156.frontiers.controllers.CSVDownloadsControllerTests]/[method:mockMvcSRBTest()]
JobContext.java,edu.ucsb.cs156.frontiers.services.jobs.JobContext,org.pitest.mutationtest.engine.gregor.mutators.NegateConditionalsMutator,log,16,KILLED,edu.ucsb.cs156.frontiers.services.jobs.JobContextTests.[engine:junit-jupiter]/[class:edu.ucsb.cs156.frontiers.services.jobs.JobContextTests]/[method:when_jobs_repository_is_null_does_not_save()]
JobContext.java,edu.ucsb.cs156.frontiers.services.jobs.JobContext,org.pitest.mutationtest.engine.gregor.mutators.NegateConditionalsMutator,log,18,KILLED,edu.ucsb.cs156.frontiers.services.jobs.JobContextTests.[engine:junit-jupiter]/[class:edu.ucsb.cs156.frontiers.services.jobs.JobContextTests]/[method:when_jobs_repository_is_null_does_not_save()]
JobContext.java,edu.ucsb.cs156.frontiers.services.jobs.JobContext,org.pitest.mutationtest.engine.gregor.mutators.VoidMethodCallMutator,log,17,KILLED,edu.ucsb.cs156.frontiers.services.jobs.JobContextTests.[engine:junit-jupiter]/[class:edu.ucsb.cs156.frontiers.services.jobs.JobContextTests]/[method:when_jobs_repository_is_null_does_not_save()]
UpdateAllJob.java,edu.ucsb.cs156.frontiers.jobs.UpdateAllJob,org.pitest.mutationtest.engine.gregor.mutators.VoidMethodCallMutator,accept,16,KILLED,edu.ucsb.cs156.frontiers.jobs.UpdateUsersJobTests.[engine:junit-jupiter]/[class:edu.ucsb.cs156.frontiers.jobs.UpdateUsersJobTests]/[method:test_UpdateAllJob()]
UpdateAllJob.java,edu.ucsb.cs156.frontiers.jobs.UpdateAllJob,org.pitest.mutationtest.engine.gregor.mutators.VoidMethodCallMutator,accept,17,KILLED,edu.ucsb.cs156.frontiers.jobs.UpdateUsersJobTests.[engine:junit-jupiter]/[class:edu.ucsb.cs156.frontiers.jobs.UpdateUsersJobTests]/[method:test_UpdateAllJob()]
UpdateAllJob.java,edu.ucsb.cs156.frontiers.jobs.UpdateAllJob,org.pitest.mutationtest.engine.gregor.mutators.VoidMethodCallMutator,accept,18,KILLED,edu.ucsb.cs156.frontiers.jobs.UpdateUsersJobTests.[engine:junit-jupiter]/[class:edu.ucsb.cs156.frontiers.jobs.UpdateUsersJobTests]/[method:test_UpdateAllJob()]
RosterStudentDTO.java,edu.ucsb.cs156.frontiers.models.RosterStudentDTO,org.pitest.mutationtest.engine.gregor.mutators.NegateConditionalsMutator,from,46,KILLED,edu.ucsb.cs156.frontiers.models.RosterStudentDTOTests.[engine:junit-jupiter]/[class:edu.ucsb.cs156.frontiers.models.RosterStudentDTOTests]/[method:test_from_when_user_is_null()]
RosterStudentDTO.java,edu.ucsb.cs156.frontiers.models.RosterStudentDTO,org.pitest.mutationtest.engine.gregor.mutators.returns.NullReturnValsMutator,from,48,KILLED,edu.ucsb.cs156.frontiers.models.RosterStudentDTOTests.[engine:junit-jupiter]/[class:edu.ucsb.cs156.frontiers.models.RosterStudentDTOTests]/[method:test_from_when_user_is_null()]
RosterStudentDTOService.java,edu.ucsb.cs156.frontiers.services.RosterStudentDTOService,org.pitest.mutationtest.engine.gregor.mutators.returns.EmptyObjectReturnValsMutator,getRosterStudentDTOs,37,KILLED,edu.ucsb.cs156.frontiers.services.RosterStudentDTOServiceTests.[engine:junit-jupiter]/[class:edu.ucsb.cs156.frontiers.services.RosterStudentDTOServiceTests]/[method:test_getRosterStudentDTOById_success()]
RosterStudentDTOService.java,edu.ucsb.cs156.frontiers.services.RosterStudentDTOService,org.pitest.mutationtest.engine.gregor.mutators.returns.NullReturnValsMutator,getStatefulBeanToCSV,44,KILLED,edu.ucsb.cs156.frontiers.controllers.CSVDownloadsControllerTests.[engine:junit-jupiter]/[class:edu.ucsb.cs156.frontiers.controllers.CSVDownloadsControllerTests]/[method:mockMvcSRBTest()]
CurrentUserService.java,edu.ucsb.cs156.frontiers.services.CurrentUserService,org.pitest.mutationtest.engine.gregor.mutators.NegateConditionalsMutator,isLoggedIn,42,KILLED,edu.ucsb.cs156.frontiers.services.CurrentUserServiceTests.[engine:junit-jupiter]/[class:edu.ucsb.cs156.frontiers.services.CurrentUserServiceTests]/[method:test_isLoggedIn_returns_true()]
CurrentUserService.java,edu.ucsb.cs156.frontiers.services.CurrentUserService,org.pitest.mutationtest.engine.gregor.mutators.returns.BooleanTrueReturnValsMutator,isLoggedIn,42,KILLED,edu.ucsb.cs156.frontiers.services.CurrentUserServiceTests.[engine:junit-jupiter]/[class:edu.ucsb.cs156.frontiers.services.CurrentUserServiceTests]/[method:test_isLoggedIn_returns_false()]
FrontiersStartup.java,edu.ucsb.cs156.frontiers.startup.FrontiersStartup,org.pitest.mutationtest.engine.gregor.mutators.VoidMethodCallMutator,alwaysRunOnStartup,32,KILLED,edu.ucsb.cs156.frontiers.startup.FrontiersStartupTests.[engine:junit-jupiter]/[class:edu.ucsb.cs156.frontiers.startup.FrontiersStartupTests]/[method:test_AlwaysRunOnStartup_saves_admins()]
UserDataDTO.java,edu.ucsb.cs156.frontiers.models.UserDataDTO,org.pitest.mutationtest.engine.gregor.mutators.returns.NullReturnValsMutator,from,36,KILLED,edu.ucsb.cs156.frontiers.models.UserDataDTOTests.[engine:junit-jupiter]/[class:edu.ucsb.cs156.frontiers.models.UserDataDTOTests]/[method:properly_translates_user_object_to_dto()]
CSRFController.java,edu.ucsb.cs156.frontiers.controllers.CSRFController,org.pitest.mutationtest.engine.gregor.mutators.returns.NullReturnValsMutator,csrf,33,KILLED,edu.ucsb.cs156.frontiers.controllers.CSRFControllerTests.[engine:junit-jupiter]/[class:edu.ucsb.cs156.frontiers.controllers.CSRFControllerTests]/[method:csrf_returns_ok()]
UserInfoController.java,edu.ucsb.cs156.frontiers.controllers.UserInfoController,org.pitest.mutationtest.engine.gregor.mutators.returns.NullReturnValsMutator,getCurrentUser,31,KILLED,edu.ucsb.cs156.frontiers.controllers.UserInfoControllerTests.[engine:junit-jupiter]/[class:edu.ucsb.cs156.frontiers.controllers.UserInfoControllerTests]/[method:currentUser__logged_in()]
FrontiersApplicationRunner.java,edu.ucsb.cs156.frontiers.startup.FrontiersApplicationRunner,org.pitest.mutationtest.engine.gregor.mutators.VoidMethodCallMutator,run,21,KILLED,edu.ucsb.cs156.frontiers.startup.FrontiersApplicationRunnerTests.[engine:junit-jupiter]/[class:edu.ucsb.cs156.frontiers.startup.FrontiersApplicationRunnerTests]/[method:test_run_calls_AlwaysRunOnStartup()]
UsersController.java,edu.ucsb.cs156.frontiers.controllers.UsersController,org.pitest.mutationtest.engine.gregor.mutators.returns.EmptyObjectReturnValsMutator,users,45,KILLED,edu.ucsb.cs156.frontiers.controllers.UsersControllerTests.[engine:junit-jupiter]/[class:edu.ucsb.cs156.frontiers.controllers.UsersControllerTests]/[method:users__admin_logged_in()]
SystemInfoController.java,edu.ucsb.cs156.frontiers.controllers.SystemInfoController,org.pitest.mutationtest.engine.gregor.mutators.returns.NullReturnValsMutator,getSystemInfo,44,KILLED,edu.ucsb.cs156.frontiers.controllers.SystemInfoControllerTests.[engine:junit-jupiter]/[class:edu.ucsb.cs156.frontiers.controllers.SystemInfoControllerTests]/[method:systemInfo__admin_logged_in()]
